date;diabetes;sering haus;sering buang air kecil;badan lemas;penglihatan kabur;luka sulit sembuh;gula darah tinggi;cek gula darah;diet diabetes;obesitas;minuman manis;makanan manis;neuropati;retinopati;gagal ginjal;kaki diabetes;insulin;prediabetes;hiperglikemia;kadar gula normal
2025-04-07 00:00:00;80;0;10;18;0;17;48;32;0;52;0;22;18;0;46;13;60;0;0;14
2025-04-08 00:00:00;87;0;7;16;0;0;46;25;0;58;0;27;13;0;61;13;58;0;0;12
2025-04-09 00:00:00;84;0;7;16;0;0;67;50;0;54;11;24;0;0;67;11;65;0;10;11
2025-04-10 00:00:00;91;0;7;16;0;0;53;38;0;46;10;24;17;0;65;12;81;0;0;11
2025-04-11 00:00:00;88;0;8;16;0;0;59;32;0;57;10;26;16;0;65;11;65;0;0;15
2025-04-12 00:00:00;85;0;9;16;0;0;76;26;0;38;0;18;16;0;66;11;62;0;0;14
2025-04-13 00:00:00;91;0;10;13;0;0;49;35;0;62;0;26;12;0;67;14;63;0;9;0
2025-04-14 00:00:00;90;0;9;18;0;0;57;43;0;89;15;30;13;0;68;13;74;0;11;13
2025-04-15 00:00:00;87;0;10;13;0;0;77;34;0;50;12;25;19;0;76;0;68;0;0;10
2025-04-16 00:00:00;93;0;7;20;0;0;64;26;0;76;11;28;18;0;81;13;100;0;0;14
2025-04-17 00:00:00;89;0;7;14;0;0;74;31;0;46;0;26;11;0;69;11;71;0;8;12
2025-04-18 00:00:00;84;0;7;18;0;0;46;30;0;38;0;28;14;0;76;13;56;0;0;10
2025-04-19 00:00:00;88;0;7;19;0;0;64;27;0;48;13;31;24;11;95;14;66;0;0;0
2025-04-20 00:00:00;82;0;7;18;0;0;59;31;0;71;11;35;12;0;62;0;44;0;0;11
2025-04-21 00:00:00;94;0;7;18;0;0;78;28;15;61;0;31;16;0;74;15;81;0;9;16
2025-04-22 00:00:00;92;0;9;16;0;0;60;23;0;83;12;29;15;0;76;9;75;0;13;13
2025-04-23 00:00:00;100;0;6;17;0;0;62;34;0;73;11;31;14;0;69;11;91;0;0;9
2025-04-24 00:00:00;97;0;6;17;0;0;72;34;0;64;16;30;19;0;68;11;93;0;9;12
2025-04-25 00:00:00;96;0;6;17;0;0;67;37;0;48;16;25;14;0;71;8;75;0;0;0
2025-04-26 00:00:00;88;0;5;11;0;0;61;32;0;71;10;23;15;0;66;14;62;0;0;13
2025-04-27 00:00:00;98;0;4;17;0;0;58;31;0;58;0;32;15;0;66;14;67;0;11;11
2025-04-28 00:00:00;95;0;7;18;0;0;49;23;0;65;9;35;14;0;70;10;63;0;0;7
2025-04-29 00:00:00;95;0;5;15;0;0;70;37;0;63;14;32;21;0;85;13;83;0;10;12
2025-04-30 00:00:00;90;0;6;16;0;0;52;25;0;58;10;29;14;0;72;15;69;0;0;10
2025-05-01 00:00:00;84;4;8;21;0;0;50;21;0;56;0;34;17;0;65;15;54;0;9;13
2025-05-02 00:00:00;90;0;7;15;0;0;67;35;0;59;16;22;10;0;70;8;70;0;9;0
2025-05-03 00:00:00;90;0;6;17;0;0;51;33;18;65;11;28;21;0;60;12;72;0;0;0
2025-05-04 00:00:00;92;0;6;15;0;0;56;31;0;56;0;25;0;0;63;15;57;0;9;10
2025-05-05 00:00:00;91;0;9;19;0;0;57;48;0;63;11;29;13;0;77;11;78;0;8;10
2025-05-06 00:00:00;93;0;4;15;0;0;61;19;16;73;12;33;14;0;64;14;80;0;9;12
2025-05-07 00:00:00;93;0;6;14;0;0;56;30;0;76;10;30;9;0;72;8;84;0;9;11
2025-05-08 00:00:00;93;0;8;14;0;0;61;34;0;67;12;24;13;0;65;9;85;0;0;12
2025-05-09 00:00:00;85;0;6;13;0;0;56;0;0;74;9;32;16;0;54;10;64;0;7;12
2025-05-10 00:00:00;90;0;7;16;0;0;58;26;0;55;0;20;20;0;66;18;57;0;0;14
2025-05-11 00:00:00;77;0;8;14;0;0;48;24;0;35;0;16;0;0;54;10;43;0;0;0
2025-05-12 00:00:00;86;0;6;15;0;0;63;25;0;58;0;17;10;0;69;19;46;0;10;0
2025-05-13 00:00:00;87;0;9;22;0;0;66;31;0;67;0;22;16;0;53;15;62;0;0;11
2025-05-14 00:00:00;93;0;8;17;0;0;64;36;0;63;11;29;12;0;62;8;84;0;12;9
2025-05-15 00:00:00;88;0;10;17;0;0;68;28;0;74;0;35;25;0;78;12;66;0;0;17
2025-05-16 00:00:00;93;0;8;18;3;0;77;31;0;92;11;35;18;10;63;15;72;0;0;11
2025-05-17 00:00:00;89;0;7;16;0;0;65;34;0;51;0;23;15;0;56;20;58;0;8;22
2025-05-18 00:00:00;87;0;8;16;0;0;50;27;0;57;0;34;0;0;62;10;47;0;0;11
2025-05-19 00:00:00;83;0;9;18;0;0;58;31;0;71;9;28;17;0;73;8;83;0;12;0
2025-05-20 00:00:00;91;0;9;17;0;0;59;36;0;75;15;42;23;0;64;14;79;0;8;12
2025-05-21 00:00:00;100;0;9;17;0;0;78;26;0;70;19;37;0;0;70;10;77;0;13;0
2025-05-22 00:00:00;92;0;10;17;0;0;59;28;16;79;10;20;15;0;67;11;81;0;0;11
2025-05-23 00:00:00;80;0;8;16;0;0;74;28;0;70;13;26;21;0;62;13;67;0;11;14
2025-05-24 00:00:00;85;0;9;13;0;0;42;22;0;62;14;23;13;0;63;0;57;0;0;12
2025-05-25 00:00:00;84;0;7;16;0;0;61;20;0;67;9;23;0;0;65;14;54;0;0;9
2025-05-26 00:00:00;91;0;8;24;0;0;49;0;0;92;14;35;16;0;62;11;82;0;10;12
2025-05-27 00:00:00;96;0;9;18;0;0;71;34;0;67;16;43;21;0;65;12;77;0;10;8
2025-05-28 00:00:00;85;0;9;15;0;0;70;28;0;69;11;29;20;0;51;14;60;0;0;8
2025-05-29 00:00:00;76;0;7;18;0;0;64;32;0;56;0;29;10;0;61;0;52;0;0;0
2025-05-30 00:00:00;72;0;5;17;0;0;63;17;0;52;0;25;12;0;57;15;57;0;0;13
2025-05-31 00:00:00;70;0;8;19;0;0;56;27;0;54;16;30;11;0;62;8;56;0;0;10
2025-06-01 00:00:00;82;0;8;22;0;0;72;20;17;61;0;35;0;0;55;0;59;0;0;8
2025-06-02 00:00:00;83;0;5;18;0;0;67;30;0;78;12;39;18;0;60;12;82;0;0;13
2025-06-03 00:00:00;87;0;7;17;0;0;51;24;0;61;13;39;17;8;48;14;74;0;9;10
2025-06-04 00:00:00;80;0;7;17;0;0;48;29;0;68;9;35;15;0;60;12;78;0;10;11
2025-06-05 00:00:00;65;0;4;10;0;0;43;28;0;56;8;23;14;0;56;10;54;0;7;9
2025-06-06 00:00:00;74;0;5;17;0;0;52;23;0;44;0;34;0;0;58;12;34;0;0;0
2025-06-07 00:00:00;73;0;3;17;0;0;66;23;0;39;14;24;13;0;57;8;53;0;0;0
2025-06-08 00:00:00;74;0;5;17;0;0;61;26;0;34;0;28;0;0;58;12;43;0;0;9
2025-06-09 00:00:00;82;0;9;15;2;0;49;23;0;47;11;26;14;0;59;15;68;0;9;0
2025-06-10 00:00:00;79;0;9;15;0;0;55;23;0;63;0;27;16;0;53;12;75;0;10;12
2025-06-11 00:00:00;78;3;5;17;0;0;54;24;0;83;13;23;13;0;69;14;79;0;9;11
2025-06-12 00:00:00;85;0;6;21;0;0;77;35;0;72;10;29;0;0;67;10;67;0;0;11
2025-06-13 00:00:00;80;2;5;15;0;0;52;26;0;73;16;19;10;0;60;7;55;0;9;10
2025-06-14 00:00:00;89;0;7;16;0;0;58;37;0;68;13;29;0;0;58;12;66;0;8;11
2025-06-15 00:00:00;78;0;5;20;0;0;70;25;0;52;0;22;12;0;52;10;48;0;0;0
2025-06-16 00:00:00;78;0;6;17;0;0;63;30;0;74;0;23;17;0;61;8;62;0;10;12
2025-06-17 00:00:00;86;0;6;16;0;0;68;29;0;71;10;18;21;0;60;12;73;0;12;14
2025-06-18 00:00:00;78;3;8;13;0;0;74;41;0;55;9;32;0;0;52;8;72;9;0;10
2025-06-19 00:00:00;88;0;7;16;0;0;73;22;0;69;11;22;27;0;76;9;67;0;9;7
2025-06-20 00:00:00;82;0;8;17;0;0;75;19;0;52;11;19;24;0;58;12;61;0;0;9
2025-06-21 00:00:00;81;0;7;15;0;0;66;30;0;61;15;29;0;0;53;13;61;0;11;10
2025-06-22 00:00:00;81;0;4;16;0;0;69;23;0;57;13;27;0;0;46;11;49;0;0;10
2025-06-23 00:00:00;94;0;7;16;0;0;81;24;0;92;0;26;25;0;68;14;53;0;9;10
2025-06-24 00:00:00;86;0;7;14;0;0;64;38;0;46;0;26;21;0;53;20;62;0;9;12
2025-06-25 00:00:00;88;0;7;14;0;0;61;27;0;56;13;25;17;0;61;17;58;0;10;13
2025-06-26 00:00:00;77;0;4;16;0;0;55;34;0;45;0;28;15;0;56;11;65;0;9;15
2025-06-27 00:00:00;83;0;6;18;0;0;34;37;0;39;0;20;0;0;56;13;50;0;0;13
2025-06-28 00:00:00;78;0;7;17;0;0;58;22;0;57;0;25;15;0;57;18;50;0;9;11
2025-06-29 00:00:00;90;0;11;15;0;0;66;26;0;62;0;31;13;0;57;10;51;0;8;13
2025-06-30 00:00:00;81;3;6;18;0;0;56;30;0;80;14;25;11;0;60;14;62;0;9;10
2025-07-01 00:00:00;81;0;6;18;0;0;39;32;0;62;0;20;14;0;59;13;62;0;0;8
2025-07-02 00:00:00;86;3;6;19;0;0;58;33;0;56;0;22;13;0;65;13;66;0;0;12
2025-07-03 00:00:00;87;0;8;16;0;0;51;25;0;52;0;16;20;0;55;11;58;0;13;0
2025-07-04 00:00:00;80;0;8;16;0;0;54;27;0;56;11;34;11;0;51;10;67;0;0;14
2025-07-05 00:00:00;78;0;9;15;0;0;64;22;0;63;0;20;0;0;61;10;47;0;0;11
2025-07-06 00:00:00;80;0;6;15;0;0;49;33;0;37;0;30;0;0;62;11;51;0;8;10
2025-07-07 00:00:00;81;0;7;14;0;0;63;24;0;54;9;21;23;0;63;13;53;0;12;16
2025-07-08 00:00:00;85;0;7;12;0;0;77;36;0;50;10;26;15;0;73;13;55;0;10;10
2025-07-09 00:00:00;89;0;8;16;0;0;56;31;0;56;15;25;15;0;53;11;69;9;9;8
2025-07-10 00:00:00;82;0;5;16;0;0;56;33;0;66;11;22;15;0;69;0;72;13;9;12
2025-07-11 00:00:00;84;0;8;15;0;0;73;34;0;58;0;19;0;0;63;16;57;0;11;13
2025-07-12 00:00:00;82;0;9;14;0;0;49;19;0;55;17;32;14;0;60;0;55;0;0;15
2025-07-13 00:00:00;77;0;4;14;0;0;71;33;0;49;16;27;12;0;58;13;45;0;0;11
2025-07-14 00:00:00;84;0;6;13;0;0;53;35;0;54;19;33;15;0;61;15;63;0;8;10
2025-07-15 00:00:00;89;0;7;16;0;0;75;35;0;52;17;25;28;0;59;20;56;0;12;11
2025-07-16 00:00:00;92;0;7;17;0;0;73;32;0;66;20;31;18;0;63;16;73;0;10;8
2025-07-17 00:00:00;82;0;5;18;0;0;68;31;16;66;10;24;0;0;47;9;62;0;0;15
2025-07-18 00:00:00;83;0;6;18;3;0;66;20;0;55;10;24;21;0;57;10;78;0;0;14
2025-07-19 00:00:00;77;0;6;15;0;0;87;19;0;36;0;23;21;0;65;14;47;0;9;10
2025-07-20 00:00:00;86;0;5;16;0;0;66;20;0;48;11;25;0;0;57;10;48;0;0;11
2025-07-21 00:00:00;83;0;5;16;0;0;63;30;0;46;13;30;15;0;56;9;70;0;8;12
2025-07-22 00:00:00;82;0;6;16;3;0;46;34;0;58;18;39;16;9;62;12;70;0;0;14
2025-07-23 00:00:00;83;0;6;16;0;0;69;34;29;62;0;35;14;0;61;13;63;0;11;11
2025-07-24 00:00:00;90;0;6;14;0;20;70;25;0;77;14;27;18;0;62;11;51;0;10;14
2025-07-25 00:00:00;76;0;6;16;0;0;63;30;0;46;18;29;14;0;49;9;57;0;7;0
2025-07-26 00:00:00;78;0;6;17;0;0;59;23;0;49;0;29;0;0;57;13;46;0;0;10
2025-07-27 00:00:00;83;0;8;17;0;0;54;24;0;47;11;30;0;0;54;15;57;0;9;13
2025-07-28 00:00:00;80;0;6;14;2;0;53;33;21;53;13;33;13;0;67;10;60;0;9;0
2025-07-29 00:00:00;77;0;5;16;0;0;46;30;0;63;16;35;17;0;49;14;62;0;9;10
2025-07-30 00:00:00;83;0;5;13;0;0;60;26;0;61;17;36;13;0;63;15;65;0;0;13
2025-07-31 00:00:00;80;0;6;14;0;0;57;26;0;78;13;33;17;0;57;7;58;0;9;11
2025-08-01 00:00:00;84;0;8;15;0;0;54;28;0;51;11;33;12;0;54;11;52;0;0;13
2025-08-02 00:00:00;76;0;6;17;0;0;67;46;0;44;0;38;0;0;64;14;53;0;8;0
2025-08-03 00:00:00;83;0;6;16;0;0;56;32;21;43;10;28;0;0;60;0;55;0;0;0
2025-08-04 00:00:00;83;0;7;15;0;0;68;28;0;65;11;40;15;0;65;12;69;0;10;13
2025-08-05 00:00:00;76;0;5;15;0;0;73;25;0;52;17;43;12;0;59;14;60;0;8;8
2025-08-06 00:00:00;87;0;5;15;0;0;62;16;0;61;14;28;0;0;53;15;58;7;13;7
2025-08-07 00:00:00;89;0;5;14;0;0;80;34;0;67;14;26;13;0;67;13;68;0;8;13
2025-08-08 00:00:00;87;0;6;11;0;0;72;31;0;66;16;30;9;0;58;20;67;0;0;11
2025-08-09 00:00:00;83;0;7;15;0;0;46;37;0;43;0;23;14;0;63;15;62;0;0;12
2025-08-10 00:00:00;75;0;5;14;0;0;70;24;0;49;0;35;13;0;55;0;58;0;0;15
2025-08-11 00:00:00;83;0;10;13;0;0;60;34;0;64;14;25;19;0;65;10;59;0;12;16
2025-08-12 00:00:00;86;0;9;12;3;0;72;23;0;55;16;32;0;0;61;0;65;0;8;0
2025-08-13 00:00:00;82;0;7;13;0;0;63;29;0;62;10;37;14;0;58;10;62;0;0;10
2025-08-14 00:00:00;79;0;8;15;0;0;54;32;0;55;17;31;21;0;57;13;57;0;11;8
2025-08-15 00:00:00;80;0;6;17;0;0;60;36;0;51;10;26;13;0;62;0;56;0;13;11
2025-08-16 00:00:00;77;0;6;16;0;0;50;0;0;57;0;26;20;0;59;12;44;0;0;10
2025-08-17 00:00:00;68;0;8;17;0;0;59;29;0;43;15;17;13;0;64;17;33;0;0;0
2025-08-18 00:00:00;81;0;3;18;0;0;60;25;0;45;0;30;0;0;56;10;60;0;0;9
2025-08-19 00:00:00;79;0;7;13;0;0;61;38;0;70;16;29;27;0;100;15;71;0;0;11
2025-08-20 00:00:00;79;0;7;16;0;0;74;27;0;61;14;30;18;0;67;13;53;0;0;14
2025-08-21 00:00:00;85;0;7;17;0;16;58;30;0;59;0;39;15;0;80;9;62;0;0;12
2025-08-22 00:00:00;85;0;8;19;0;0;91;19;0;38;13;31;10;18;85;10;67;0;9;8
2025-08-23 00:00:00;85;0;7;23;0;0;55;30;0;46;0;24;18;0;73;10;54;0;0;9
2025-08-24 00:00:00;78;0;8;20;0;0;73;26;0;61;11;32;16;0;68;10;61;0;0;0
2025-08-25 00:00:00;94;0;5;16;0;0;72;26;0;71;10;34;11;0;79;12;70;0;13;16
2025-08-26 00:00:00;91;0;7;18;0;0;74;39;0;69;13;37;15;0;79;14;62;0;9;9
2025-08-27 00:00:00;93;0;8;18;0;0;59;21;0;75;0;30;15;0;87;12;67;0;8;10
2025-08-28 00:00:00;82;0;4;17;0;0;69;34;0;100;13;26;28;0;76;11;63;7;0;15
2025-08-29 00:00:00;78;0;9;15;0;0;53;25;0;69;10;34;14;0;63;0;45;0;10;8
2025-08-30 00:00:00;77;0;6;16;0;0;59;24;0;40;0;29;12;0;68;0;47;0;0;11
2025-08-31 00:00:00;73;0;5;17;0;0;61;0;0;39;10;29;0;14;55;11;50;0;0;0
2025-09-01 00:00:00;79;0;4;14;0;0;50;22;0;78;15;38;19;0;67;14;62;0;0;11
2025-09-02 00:00:00;88;0;5;23;0;0;63;34;0;64;16;38;20;0;66;11;67;7;0;11
2025-09-03 00:00:00;86;2;6;21;0;0;78;22;0;80;10;36;10;10;92;16;71;0;14;14
2025-09-04 00:00:00;80;0;6;18;0;0;64;23;0;47;11;26;15;0;74;14;61;0;9;8
2025-09-05 00:00:00;79;0;6;17;0;0;66;31;0;48;0;22;10;0;69;10;52;0;0;11
2025-09-06 00:00:00;80;0;7;17;0;0;76;35;0;49;12;29;0;0;78;11;48;0;0;15
2025-09-07 00:00:00;80;0;6;20;0;0;60;32;21;59;10;32;11;0;74;15;54;0;9;0
2025-09-08 00:00:00;82;0;6;18;0;0;60;38;0;60;11;26;17;0;55;12;79;0;9;8
2025-09-09 00:00:00;90;0;6;16;0;0;65;46;0;64;12;37;14;0;57;8;76;0;10;0
2025-09-10 00:00:00;79;0;7;15;0;0;62;23;0;74;13;32;14;0;68;11;70;0;0;14
2025-09-11 00:00:00;81;0;7;16;0;0;78;28;0;76;14;33;14;0;64;11;63;0;0;10
2025-09-12 00:00:00;75;0;6;16;0;0;66;41;0;69;0;35;11;0;66;7;67;0;0;15
2025-09-13 00:00:00;79;0;6;17;0;0;56;32;0;59;19;26;14;0;86;13;45;0;0;9
2025-09-14 00:00:00;70;0;5;19;0;0;43;17;0;50;13;33;16;0;51;0;49;0;9;13
2025-09-15 00:00:00;87;0;6;20;0;0;71;34;0;55;14;36;14;0;68;17;62;0;0;12
2025-09-16 00:00:00;80;2;7;17;0;0;70;38;0;51;12;36;10;0;69;7;72;0;12;16
2025-09-17 00:00:00;85;0;7;19;0;0;66;29;0;52;22;32;14;0;66;12;67;0;0;12
2025-09-18 00:00:00;90;0;5;16;0;0;68;35;0;65;13;40;0;0;59;9;64;0;0;7
2025-09-19 00:00:00;86;0;7;17;0;0;88;18;0;62;12;29;13;0;72;12;56;0;0;18
2025-09-20 00:00:00;78;0;6;18;0;0;79;30;0;60;0;35;15;0;62;8;49;0;11;0
2025-09-21 00:00:00;82;0;5;19;0;0;59;19;0;61;14;33;13;0;72;0;37;0;0;9
2025-09-22 00:00:00;85;0;5;18;2;0;62;31;0;65;14;29;12;0;72;12;65;0;9;10
2025-09-23 00:00:00;89;0;6;18;0;0;73;39;0;67;15;37;14;0;77;19;71;0;0;10
2025-09-24 00:00:00;94;0;6;20;0;0;68;31;0;77;12;27;13;0;78;10;73;0;9;15
2025-09-25 00:00:00;96;0;6;19;0;0;70;42;0;76;13;33;10;0;69;14;73;0;11;10
2025-09-26 00:00:00;95;0;6;19;0;0;55;36;0;47;10;28;13;0;73;18;54;0;9;15
2025-09-27 00:00:00;74;0;6;17;0;0;59;18;0;48;0;27;10;0;54;15;50;0;0;10
2025-09-28 00:00:00;83;0;6;20;0;0;69;30;0;88;11;34;12;0;72;9;47;0;0;8
2025-09-29 00:00:00;88;0;5;20;0;0;72;29;0;61;10;31;14;0;71;9;70;0;13;17
2025-09-30 00:00:00;78;0;8;16;0;0;71;42;0;73;22;29;13;0;69;21;67;0;10;0
2025-10-01 00:00:00;75;0;6;15;0;0;74;33;0;68;12;31;15;0;56;11;57;0;8;10
2025-10-02 00:00:00;75;0;4;15;0;0;55;33;0;67;17;29;16;0;72;12;61;0;8;11
2025-10-03 00:00:00;84;0;3;16;0;0;85;33;0;46;12;30;11;0;69;11;58;0;9;9
2025-10-04 00:00:00;65;0;3;15;0;0;76;22;0;45;10;19;12;0;51;12;49;0;9;0
2025-10-05 00:00:00;71;0;4;17;0;0;65;18;0;46;10;37;10;0;60;12;49;0;0;0
2025-10-06 00:00:00;72;0;4;21;0;0;78;38;0;54;16;34;16;0;72;8;66;0;7;7
2025-10-07 00:00:00;80;0;4;18;0;0;58;19;0;70;13;22;16;0;71;9;60;0;9;12
2025-10-08 00:00:00;78;0;5;16;0;0;57;22;0;62;15;38;14;0;66;8;69;0;10;11
2025-10-09 00:00:00;83;0;5;21;0;0;81;27;0;54;14;29;18;0;70;8;70;0;12;10
2025-10-10 00:00:00;70;0;4;16;0;0;74;29;0;55;12;26;16;0;76;12;56;0;0;10
2025-10-11 00:00:00;73;0;5;18;5;0;60;21;0;46;12;26;17;0;61;9;45;0;0;10
2025-10-12 00:00:00;78;0;9;22;0;0;62;31;0;56;10;26;0;10;72;0;47;0;8;11
2025-10-13 00:00:00;79;0;5;20;0;0;57;37;0;68;10;33;10;0;71;15;56;0;8;12
2025-10-14 00:00:00;80;0;5;20;0;0;70;21;0;67;16;26;17;0;73;9;71;8;0;10
2025-10-15 00:00:00;79;0;4;20;0;0;77;31;0;70;12;36;0;0;74;10;66;0;0;17
2025-10-16 00:00:00;80;0;5;22;0;0;65;43;0;70;15;36;9;0;77;8;65;0;10;20
2025-10-17 00:00:00;87;0;3;16;0;0;69;50;0;63;15;29;9;0;73;17;59;0;10;8
2025-10-18 00:00:00;73;0;6;22;0;0;61;17;0;54;11;24;15;0;63;9;50;0;0;9
2025-10-19 00:00:00;75;0;5;18;0;20;70;29;0;51;13;23;0;0;73;9;56;9;0;0
2025-10-20 00:00:00;82;0;8;19;0;0;87;27;0;55;13;34;9;0;77;14;53;0;8;13
2025-10-21 00:00:00;82;0;6;18;0;0;68;23;0;67;17;28;14;0;71;7;72;0;12;11
2025-10-22 00:00:00;78;0;9;15;0;0;50;32;0;63;16;32;9;0;66;10;69;0;11;0
2025-10-23 00:00:00;80;0;8;18;0;0;65;32;0;68;13;27;16;0;68;10;59;0;7;9
2025-10-24 00:00:00;85;0;6;15;0;0;53;24;0;49;14;31;10;0;64;0;59;0;10;8
2025-10-25 00:00:00;72;0;9;17;0;0;69;40;0;50;0;25;11;0;59;11;56;0;0;0
2025-10-26 00:00:00;71;0;7;19;0;0;52;25;0;58;10;30;0;0;67;8;47;0;0;0
2025-10-27 00:00:00;85;0;8;18;0;0;59;33;0;61;15;30;12;0;67;12;57;0;0;9
2025-10-28 00:00:00;86;0;8;18;0;0;74;27;0;43;11;37;18;0;69;11;61;0;11;13
2025-10-29 00:00:00;86;0;10;20;2;0;66;38;0;54;10;30;11;0;69;7;67;0;12;8
2025-10-30 00:00:00;90;0;8;15;0;0;87;37;0;78;14;31;21;0;70;7;51;0;7;13
2025-10-31 00:00:00;79;0;6;17;0;0;71;40;0;61;0;32;15;0;55;14;67;0;0;8
2025-11-01 00:00:00;75;0;5;17;0;0;54;25;0;48;11;30;12;0;52;0;51;0;0;0
2025-11-02 00:00:00;79;0;4;16;0;0;66;27;0;41;15;32;0;0;60;11;55;0;0;8
2025-11-03 00:00:00;91;0;4;18;0;0;55;26;0;69;13;29;10;0;69;7;68;0;8;15
2025-11-04 00:00:00;87;0;8;16;0;0;72;25;0;74;19;28;0;0;62;15;80;0;10;9
2025-11-05 00:00:00;84;0;6;19;0;0;64;25;20;89;17;34;12;0;61;13;63;0;10;10
2025-11-06 00:00:00;81;0;8;16;0;0;68;48;0;55;9;34;18;0;58;9;74;0;11;11
2025-11-07 00:00:00;79;0;5;15;0;0;49;30;0;50;14;18;16;0;63;7;55;7;0;12
2025-11-08 00:00:00;79;0;6;15;0;0;57;20;0;57;0;17;0;0;64;16;48;0;7;10
2025-11-09 00:00:00;81;0;6;18;0;0;75;27;0;48;14;25;11;0;60;9;55;0;8;0
2025-11-10 00:00:00;86;0;5;17;0;0;72;30;0;72;15;35;14;0;66;12;78;0;8;6
2025-11-11 00:00:00;85;0;7;17;0;0;72;45;18;69;16;38;0;0;61;8;65;0;7;14
2025-11-12 00:00:00;92;0;7;15;0;0;76;37;0;76;18;46;16;0;60;12;75;0;7;15
2025-11-13 00:00:00;86;3;8;14;0;0;66;34;0;82;16;35;13;0;77;6;66;0;0;12
2025-11-14 00:00:00;87;0;8;17;0;0;66;36;0;69;16;39;11;0;66;0;64;0;0;10
2025-11-15 00:00:00;79;0;7;16;0;0;68;21;0;58;13;24;11;0;57;11;58;0;0;0
2025-11-16 00:00:00;84;0;6;14;0;0;58;28;0;76;0;24;11;0;72;11;52;0;0;14
2025-11-17 00:00:00;85;0;7;19;0;0;67;34;0;70;16;35;17;0;67;8;65;0;0;11
2025-11-18 00:00:00;83;0;7;17;0;0;75;34;0;54;16;37;16;0;59;8;68;0;7;11
2025-11-19 00:00:00;88;0;7;18;0;0;80;23;0;63;14;28;18;0;75;9;68;0;9;19
2025-11-20 00:00:00;83;0;6;15;0;0;54;17;0;92;17;42;13;0;67;11;68;0;8;8
2025-11-21 00:00:00;84;0;6;16;0;0;71;39;0;42;15;23;20;0;75;9;68;0;7;13
2025-11-22 00:00:00;90;0;6;19;0;0;67;34;0;56;16;28;16;0;58;8;49;0;0;9
2025-11-23 00:00:00;81;0;6;20;3;0;61;18;0;52;20;26;15;0;52;9;57;0;9;0
2025-11-24 00:00:00;84;0;7;18;0;0;68;33;0;75;12;34;19;0;60;13;67;0;0;7
2025-11-25 00:00:00;89;0;9;18;0;0;69;22;0;69;14;29;15;0;49;10;65;7;10;7
2025-11-26 00:00:00;88;0;4;19;0;0;69;23;0;65;20;35;12;0;63;0;81;0;0;8
2025-11-27 00:00:00;79;0;8;16;0;0;88;30;0;79;18;53;13;0;72;10;75;0;10;0
2025-11-28 00:00:00;75;0;5;18;0;0;58;24;0;53;0;35;10;0;53;8;66;0;0;7
2025-11-29 00:00:00;79;0;6;14;0;0;51;23;0;48;11;32;0;0;57;0;60;0;9;11
2025-11-30 00:00:00;74;0;5;16;0;0;46;21;0;67;13;32;15;0;47;15;57;0;0;0
2025-12-01 00:00:00;84;0;6;19;0;0;70;26;0;76;14;45;0;0;75;12;79;0;10;10
2025-12-02 00:00:00;87;0;5;18;0;0;87;28;0;76;18;37;11;10;62;11;79;0;8;9
2025-12-03 00:00:00;81;3;6;14;0;0;75;20;0;86;16;44;15;0;55;12;100;0;9;7
2025-12-04 00:00:00;86;0;7;14;0;0;61;26;0;69;14;48;21;0;50;10;86;0;12;13
2025-12-05 00:00:00;78;0;7;14;0;0;75;20;0;68;17;43;10;0;55;13;64;0;0;0
2025-12-06 00:00:00;75;0;7;16;0;0;69;32;0;47;10;27;15;0;40;14;55;0;10;9
2025-12-07 00:00:00;75;0;8;16;0;0;55;26;0;56;0;23;11;0;70;10;57;0;0;0
2025-12-08 00:00:00;85;0;7;17;0;0;56;26;0;66;15;35;15;0;58;13;74;0;9;8
2025-12-09 00:00:00;82;0;7;19;0;0;85;38;0;65;17;31;13;0;76;12;63;0;9;7
2025-12-10 00:00:00;78;0;8;15;0;0;64;38;0;53;14;35;13;0;59;13;82;0;8;7
2025-12-11 00:00:00;81;2;7;16;0;0;69;31;0;53;12;39;19;0;52;12;68;0;7;8
2025-12-12 00:00:00;76;0;6;19;0;0;76;33;0;50;11;26;19;0;63;12;64;0;8;13
2025-12-13 00:00:00;75;0;6;20;0;0;74;42;0;43;10;22;10;0;56;7;59;0;0;0
2025-12-14 00:00:00;73;0;6;17;0;0;46;26;0;44;0;20;0;0;57;11;55;0;0;14
2025-12-15 00:00:00;74;0;7;14;0;0;68;33;0;56;11;23;17;0;66;9;67;0;9;9
2025-12-16 00:00:00;85;0;7;17;0;0;69;31;0;49;11;26;17;0;64;9;70;0;7;9
2025-12-17 00:00:00;85;0;5;17;0;0;80;37;0;57;0;29;11;0;75;11;75;0;0;8
2025-12-18 00:00:00;83;0;6;13;0;0;65;32;0;67;12;31;10;0;57;11;58;0;0;13
2025-12-19 00:00:00;76;0;7;15;0;0;58;16;0;45;0;21;11;0;55;11;53;0;0;8
2025-12-20 00:00:00;68;0;6;17;0;0;81;28;0;32;0;24;10;0;71;10;60;0;0;0
2025-12-21 00:00:00;73;0;8;20;0;0;56;29;0;36;0;25;13;0;55;12;44;0;0;0
2025-12-22 00:00:00;74;0;4;19;0;0;51;34;0;56;10;27;13;0;61;11;63;0;0;0
2025-12-23 00:00:00;80;0;5;18;0;0;77;31;0;55;0;28;20;0;54;12;64;0;0;10
2025-12-24 00:00:00;79;0;6;21;0;0;61;19;0;29;0;21;12;0;55;10;60;0;0;0
2025-12-25 00:00:00;86;0;5;19;0;0;53;20;0;32;10;32;0;0;64;10;54;0;8;0
2025-12-26 00:00:00;80;0;5;19;0;0;62;20;0;37;16;30;15;0;54;15;48;0;0;0
2025-12-27 00:00:00;70;0;5;16;0;0;68;42;0;35;11;20;11;0;60;10;51;0;0;0
2025-12-28 00:00:00;81;0;6;18;0;0;67;34;0;38;13;18;0;0;56;12;49;13;0;0
2025-12-29 00:00:00;76;0;6;18;0;0;61;33;0;44;0;24;18;0;61;16;54;0;11;9
2025-12-30 00:00:00;80;0;7;18;0;0;59;18;0;37;10;21;19;9;65;10;54;0;8;0
2025-12-31 00:00:00;75;0;5;14;0;0;54;32;0;35;0;21;13;0;45;9;48;0;7;0
2026-01-01 00:00:00;76;0;10;17;0;0;45;24;0;39;12;22;0;0;52;14;45;0;0;0
2026-01-02 00:00:00;82;0;8;20;0;0;48;31;0;30;0;23;13;0;44;10;63;0;10;7
2026-01-03 00:00:00;80;0;7;16;0;0;57;32;0;39;18;22;0;0;48;15;57;0;0;0
2026-01-04 00:00:00;80;0;10;17;0;0;51;35;0;40;14;26;14;0;51;11;55;0;0;0
2026-01-05 00:00:00;84;0;6;18;0;0;67;45;0;24;0;27;12;0;63;13;68;0;12;10
2026-01-06 00:00:00;91;0;4;19;0;0;79;39;24;53;13;21;14;0;65;15;78;0;7;12
2026-01-07 00:00:00;87;0;6;21;0;0;96;31;0;59;12;30;17;0;63;19;70;0;8;10
2026-01-08 00:00:00;84;0;6;17;0;0;76;34;0;51;10;32;13;9;63;7;74;0;0;8
2026-01-09 00:00:00;86;0;8;16;0;0;63;27;0;59;0;30;22;0;72;8;66;0;7;0
2026-01-10 00:00:00;86;0;7;17;0;0;92;29;0;47;9;26;10;0;62;17;61;0;0;0
2026-01-11 00:00:00;81;0;8;16;0;0;74;25;0;30;0;25;12;0;60;11;61;0;0;0
2026-01-12 00:00:00;83;3;8;13;0;0;71;34;0;63;20;37;17;0;56;11;80;0;6;9
2026-01-13 00:00:00;86;0;9;15;0;0;70;36;0;55;13;28;23;0;58;10;73;0;0;9
2026-01-14 00:00:00;86;0;10;15;0;0;69;34;0;46;14;29;18;0;58;9;72;0;6;9
2026-01-15 00:00:00;82;0;8;15;0;0;78;24;0;63;13;35;12;0;57;12;63;0;0;0
2026-01-16 00:00:00;77;0;7;17;0;0;59;29;0;36;11;32;10;0;57;13;55;0;0;8
2026-01-17 00:00:00;82;0;6;18;0;0;59;32;0;25;12;26;14;0;62;11;62;0;7;11
2026-01-18 00:00:00;84;0;7;18;0;0;91;23;0;42;11;30;13;0;76;13;60;0;0;10
2026-01-19 00:00:00;90;0;8;16;0;0;86;33;0;42;15;24;18;0;66;10;71;0;0;10
2026-01-20 00:00:00;86;0;7;17;0;0;73;33;0;54;11;30;13;0;63;14;67;0;10;0
2026-01-21 00:00:00;88;0;8;14;0;0;66;49;0;41;12;32;18;0;74;14;73;0;9;8
2026-01-22 00:00:00;82;0;5;13;0;0;83;36;0;47;11;35;0;0;65;15;82;0;0;11
2026-01-23 00:00:00;81;0;8;13;0;0;57;28;0;43;15;30;12;9;66;7;62;0;8;0
2026-01-24 00:00:00;76;0;5;19;0;0;77;43;0;44;0;32;0;0;64;11;64;8;0;8
2026-01-25 00:00:00;85;0;6;17;0;0;60;26;0;44;14;26;9;0;61;9;59;0;0;8
2026-01-26 00:00:00;89;0;6;20;0;0;68;36;0;59;22;25;17;0;77;13;84;0;8;6
2026-01-27 00:00:00;94;0;9;17;0;0;76;44;17;63;19;28;10;0;73;14;76;8;0;11
2026-01-28 00:00:00;93;0;9;16;0;0;68;43;0;69;0;33;10;0;65;20;65;8;9;7
2026-01-29 00:00:00;84;0;7;18;0;0;70;36;0;64;11;42;16;0;68;12;63;0;7;7
2026-01-30 00:00:00;90;0;8;18;0;0;68;39;15;53;12;27;10;0;60;10;71;0;9;8
2026-01-31 00:00:00;79;0;7;21;0;0;64;37;0;50;11;33;16;0;55;0;51;0;0;8
2026-02-01 00:00:00;82;0;7;19;0;0;69;18;0;36;16;25;9;0;58;0;55;0;0;7
2026-02-02 00:00:00;76;0;8;16;0;0;67;34;0;52;14;31;8;0;48;12;73;0;7;13
2026-02-03 00:00:00;83;0;7;20;0;0;68;25;0;59;18;32;9;0;56;10;77;0;0;11
2026-02-04 00:00:00;88;0;7;16;0;0;84;42;0;74;12;35;16;0;69;13;76;0;8;15
2026-02-05 00:00:00;86;0;9;15;0;0;69;25;0;43;14;24;16;0;86;9;73;0;0;10
2026-02-06 00:00:00;80;0;6;17;0;0;64;30;0;62;11;28;20;0;83;10;70;0;9;9
2026-02-07 00:00:00;82;0;7;20;0;0;70;37;0;37;0;23;0;0;73;11;49;0;0;8
2026-02-08 00:00:00;86;0;7;18;0;0;69;26;0;46;11;36;0;0;83;13;55;0;0;0
2026-02-09 00:00:00;89;0;8;19;0;16;70;34;0;57;12;30;18;0;86;14;84;0;9;10
2026-02-10 00:00:00;87;0;7;19;0;0;100;18;0;53;16;36;12;0;74;12;65;0;7;11
2026-02-11 00:00:00;86;0;7;18;0;0;77;36;0;54;15;23;12;0;76;11;78;0;11;12
2026-02-12 00:00:00;78;0;7;18;0;0;72;33;0;53;15;34;13;0;60;0;81;0;7;13
2026-02-13 00:00:00;88;0;7;16;0;0;77;30;0;37;17;19;9;0;72;16;77;0;0;8
2026-02-14 00:00:00;85;0;6;16;0;0;61;50;0;40;12;24;12;0;61;14;67;0;0;8
2026-02-15 00:00:00;95;0;8;17;0;0;59;40;0;33;14;34;10;0;63;11;67;0;7;0
2026-02-16 00:00:00;88;0;4;15;0;0;58;34;16;30;0;23;11;0;62;13;79;0;0;8
2026-02-17 00:00:00;83;0;5;17;0;0;63;37;0;47;0;21;11;0;58;12;70;0;0;0
2026-02-18 00:00:00;85;0;5;14;0;0;64;29;0;34;15;27;14;0;61;10;73;0;0;6
2026-02-19 00:00:00;91;0;7;17;0;0;75;35;0;46;14;36;0;0;59;9;69;0;0;7
2026-02-20 00:00:00;100;0;7;21;0;0;83;53;0;52;20;45;18;0;66;10;81;0;8;0
2026-02-21 00:00:00;91;0;6;21;0;0;67;36;0;35;14;50;10;0;62;0;81;0;7;9
2026-02-22 00:00:00;85;0;8;24;0;0;69;39;0;45;15;34;14;0;63;12;66;0;0;0
2026-02-23 00:00:00;89;0;6;16;0;0;68;36;0;47;18;31;23;0;59;11;85;0;7;9
2026-02-24 00:00:00;89;0;6;18;0;0;67;40;0;54;15;43;16;0;75;13;82;0;9;6
2026-02-25 00:00:00;89;0;6;21;0;0;64;39;0;54;14;32;14;0;70;18;84;0;15;0
2026-02-26 00:00:00;89;0;7;17;0;0;63;33;0;67;19;27;14;0;67;14;92;0;10;0
2026-02-27 00:00:00;86;0;7;16;0;0;62;44;19;44;11;27;10;0;56;17;79;0;12;8
2026-02-28 00:00:00;79;0;5;15;0;0;76;34;0;52;11;24;12;0;51;13;72;0;0;0
2026-03-01 00:00:00;66;0;5;19;0;0;44;27;0;55;28;34;10;0;56;7;56;0;8;0
2026-03-02 00:00:00;79;2;6;17;2;0;76;37;0;70;19;35;12;12;61;17;77;0;7;8
2026-03-03 00:00:00;81;0;6;15;0;0;62;35;0;66;18;100;11;0;60;7;79;0;10;11
2026-03-04 00:00:00;78;2;5;16;0;0;84;26;14;61;17;54;15;0;66;14;86;0;0;7
2026-03-05 00:00:00;85;0;6;14;0;0;73;29;0;65;9;38;15;0;62;12;77;0;0;0
2026-03-06 00:00:00;76;0;5;15;0;0;58;36;0;54;15;27;15;0;62;15;74;0;10;0
2026-03-07 00:00:00;72;0;5;13;0;0;56;25;0;50;11;31;20;0;66;10;58;0;0;0
2026-03-08 00:00:00;78;0;6;14;0;0;72;32;0;62;22;22;13;0;79;10;67;0;0;10
2026-03-09 00:00:00;78;0;3;17;0;0;63;36;0;62;11;31;17;0;70;10;75;0;7;10
2026-03-10 00:00:00;78;0;4;16;0;0;72;20;0;67;18;27;9;0;76;9;74;0;0;0
2026-03-11 00:00:00;76;0;5;15;0;0;62;24;0;50;10;35;9;0;83;17;73;0;10;0
2026-03-12 00:00:00;77;2;7;14;0;0;63;27;0;40;14;33;14;0;73;14;66;0;0;0
2026-03-13 00:00:00;73;0;4;17;0;0;67;20;0;56;15;24;0;0;62;13;59;0;0;11
2026-03-14 00:00:00;68;0;3;19;0;0;54;36;0;32;14;32;0;0;58;13;59;0;0;10
2026-03-15 00:00:00;72;0;4;18;0;0;47;25;0;22;10;19;0;0;60;9;44;9;0;0
2026-03-16 00:00:00;72;0;4;15;0;0;59;44;0;42;0;31;16;0;71;10;53;0;0;9
2026-03-17 00:00:00;64;0;5;16;0;0;54;23;0;34;11;21;0;0;60;11;52;0;8;6
2026-03-18 00:00:00;64;0;4;14;0;0;50;24;0;32;0;19;16;0;67;9;44;0;0;0
2026-03-19 00:00:00;62;0;5;19;0;0;40;21;0;32;0;26;0;0;49;0;37;0;0;0
2026-03-20 00:00:00;59;0;3;15;0;0;42;0;0;23;0;24;0;0;60;15;29;0;0;0
2026-03-21 00:00:00;67;0;6;11;0;0;36;21;0;31;0;18;0;0;60;14;53;0;0;0
2026-03-22 00:00:00;69;0;5;17;0;0;35;0;0;25;11;24;0;0;65;14;51;0;0;0
2026-03-23 00:00:00;74;0;5;16;0;0;61;0;0;49;0;20;11;0;68;14;58;0;0;0
2026-03-24 00:00:00;77;0;7;19;0;0;100;42;0;36;11;28;13;0;61;11;58;0;9;11
2026-03-25 00:00:00;81;0;7;21;0;0;71;34;20;48;13;32;14;0;63;14;66;0;7;0
2026-03-26 00:00:00;79;0;7;16;0;0;65;26;0;43;0;28;20;0;69;11;65;0;0;7
2026-03-27 00:00:00;75;0;8;18;0;0;73;33;0;38;11;26;14;10;67;13;71;0;7;10
2026-03-28 00:00:00;80;0;9;20;0;0;80;40;0;40;0;25;17;0;59;18;73;0;0;0
2026-03-29 00:00:00;85;0;7;19;0;0;71;33;0;61;13;38;10;0;69;10;74;0;0;0
2026-03-30 00:00:00;81;0;6;21;0;0;86;27;0;70;16;26;17;0;75;13;75;0;7;0
2026-03-31 00:00:00;89;0;6;18;0;0;61;26;0;57;12;33;20;0;69;10;81;0;0;12
2026-04-01 00:00:00;87;0;8;17;0;0;90;40;0;59;16;30;10;0;73;;;;;
2026-04-02 00:00:00;85;0;6;23;0;0;83;38;0;54;19;26;10;0;78;;;;;
2026-04-03 00:00:00;85;0;7;23;0;0;89;33;0;54;17;25;17;0;73;;;;;
2026-04-04 00:00:00;81;0;9;21;0;0;50;30;0;36;17;26;17;0;74;;;;;
2026-04-05 00:00:00;84;0;8;20;0;0;58;22;0;45;18;35;13;0;74;;;;;
2026-04-06 00:00:00;89;2;5;21;0;0;62;41;0;64;21;32;15;0;85;;;;;
2026-04-07 00:00:00;93;0;5;18;0;0;98;40;0;76;15;39;14;0;79;;;;;
2026-04-08 00:00:00;93;0;7;22;0;0;87;43;0;89;25;38;15;0;99;;;;;
2026-04-09 00:00:00;89;0;6;15;0;0;83;36;0;71;13;35;15;0;95;;;;;
2026-04-10 00:00:00;89;0;9;22;0;0;84;26;0;58;25;32;13;0;78;;;;;
2026-04-11 00:00:00;89;0;9;19;0;0;79;44;0;47;16;28;15;0;78;;;;;
2026-04-12 00:00:00;86;0;6;17;0;0;85;51;0;66;0;34;13;0;74;;;;;
2026-04-13 00:00:00;93;0;6;19;0;0;78;46;0;94;20;43;14;0;83;;;;;
2026-04-14 00:00:00;92;0;7;19;0;0;79;42;0;91;11;36;9;0;85;;;;;
2026-04-15 00:00:00;86;0;7;20;0;0;81;47;0;92;21;42;12;0;80;;;;;
2026-04-16 00:00:00;100;0;7;20;0;0;87;43;0;91;29;44;16;0;80;;;;;
2026-04-17 00:00:00;93;0;7;21;0;0;82;35;0;62;16;37;11;0;85;;;;;
2026-04-18 00:00:00;92;0;8;22;0;0;97;33;0;66;17;26;14;0;81;;;;;
2026-04-19 00:00:00;86;0;8;21;0;0;77;45;0;69;15;33;11;0;74;;;;;
2026-04-20 00:00:00;89;3;6;20;0;0;62;33;0;69;22;40;13;0;95;;;;;
2026-04-21 00:00:00;97;0;7;17;0;0;100;35;0;81;15;42;19;0;87;;;;;
2026-04-22 00:00:00;94;0;8;21;0;0;81;35;0;90;20;42;19;0;98;;;;;
2026-04-23 00:00:00;96;0;7;21;0;0;85;51;0;63;17;41;18;0;87;;;;;
2026-04-24 00:00:00;88;0;7;19;0;0;95;49;0;76;19;29;20;0;100;;;;;
2026-04-25 00:00:00;89;0;6;21;0;0;75;49;0;54;13;32;0;0;85;;;;;
2026-04-26 00:00:00;88;0;7;21;0;0;94;33;0;55;13;31;17;0;79;;;;;
2026-04-27 00:00:00;88;0;7;18;0;0;95;41;0;69;20;44;19;0;71;;;;;
2026-04-28 00:00:00;92;0;5;19;0;0;97;26;17;66;16;35;16;0;77;;;;;
2026-04-29 00:00:00;88;0;6;20;0;0;73;35;0;59;25;30;17;0;75;;;;;
2026-04-30 00:00:00;82;0;6;19;0;0;61;37;0;63;12;36;13;0;78;;;;;
2026-05-01 00:00:00;85;0;6;20;0;0;76;31;0;42;19;23;0;0;66;;;;;
2026-05-02 00:00:00;83;0;7;19;0;0;91;38;0;57;15;34;0;0;52;;;;;
2026-05-03 00:00:00;83;0;6;26;0;0;78;33;0;63;18;35;10;0;67;;;;;
2026-05-04 00:00:00;89;0;6;22;0;0;72;23;0;74;17;35;17;0;73;;;;;
2026-05-05 00:00:00;85;0;9;20;0;0;85;28;0;74;24;33;0;0;65;;;;;
2026-05-06 00:00:00;93;2;8;20;0;0;100;28;0;77;18;41;15;0;80;;;;;
2026-05-07 00:00:00;95;0;7;23;0;0;85;42;0;70;13;37;23;0;97;;;;;
2026-05-08 00:00:00;86;1;7;21;1;0;82;36;6;72;19;36;15;4;84;;;;;
2026-05-09 00:00:00;84;1;7;21;1;0;84;36;6;60;16;35;12;3;72;;;;;
2026-05-10 00:00:00;88;1;6;23;1;1;79;32;5;55;16;35;10;2;71;;;;;
2026-05-11 00:00:00;95;1;6;23;1;2;86;41;8;72;19;37;16;4;82;;;;;
2026-05-12 00:00:00;94;1;7;23;1;2;91;40;7;69;19;38;16;4;86;;;;;
2026-05-13 00:00:00;91;1;7;22;1;1;88;39;7;65;18;35;15;4;87;;;;;
2026-05-14 00:00:00;82;1;6;23;1;0;79;34;4;52;18;35;11;2;78;;;;;
2026-05-15 00:00:00;83;1;7;23;1;0;81;35;4;55;17;40;12;3;84;;;;;
2026-05-16 00:00:00;83;1;7;22;1;2;81;34;4;50;17;35;11;3;78;;;;;
2026-05-17 00:00:00;82;1;7;22;1;1;77;32;5;52;17;35;10;2;79;;;;;
2026-05-18 00:00:00;90;1;7;23;1;2;86;39;7;71;21;39;16;4;85;;;;;
2026-05-19 00:00:00;94;1;8;23;1;2;84;37;7;74;18;42;15;3;90;;;;;
2026-05-20 00:00:00;90;1;7;23;1;1;86;38;8;69;18;40;15;4;90;;;;;
2026-05-21 00:00:00;91;1;6;23;1;1;91;42;5;69;19;41;14;3;91;;;;;
2026-05-22 00:00:00;86;1;6;21;1;1;85;37;8;60;15;35;15;3;82;;;;;
