annotation_id,date,platform,content
0,2025-08-19 07:00:00,threads,"Waalaikumsalam 🤍 wah hanya ikan? bosenan aku tuh 😅 kalo ginjal sisa berapa persen sih yang kiri fully function ya. jadi karna yg kanan mengecil (bahkan dokter bilang hilang), yg kiri compensate jadi membesar karena bebannya di dia smua."
1,2026-01-16 07:00:00,threads,Minum nya cukup kali sehari.. buah bit nya dijus dgn sedikit air lalu diminum beserta ampasnya
2,2026-05-03 07:00:00,threads,jam?? Tiap hari.?...
3,2025-08-19 07:00:00,threads,"assalamualaikum, bismillah, izin menjawab, ketofastosis kakak 🙏🏻 awal makan low carb, makanan nya harus hewani, yang tidak mengandung gula, kecap dan tepung an ya kak, contohnya ikan-ikan dan seafood. Untuk IF bisa dimulai dengaj : , biasanya bisa dibantu dengan waktu tidur, kalau tidur kan pasti ga makan ya. Jadikan itu dulu kalau sdh terbiasa bisa dinaikkan lagi menjadi : untuk jendela puasanya. Jangan lupa olahraga beban seperti barbel. Tidur harus berkualitas, stress bawa meditasi."
4,2026-02-07 07:00:00,threads,"Benerin Pola makan (bukan ngurangin, tp menambahkan yg kurang, mengurangi yg berlebih) & olahraga otot (nambah massa otot)+cardio(kesehatan jantung, biar napasnya panjang)... Nanti dg sendiri ya stabil"
5,2026-02-17 07:00:00,threads,"Lo kerja keras cari uang buat beli kopi mahal, tapi jangan sampe uang itu berakhir buat bayar tagihan rumah sakit karena lo lalai jaga organ paling setia di tubuh lo. Ginjal lo nggak butuh Lifestyle, dia cuma butuh lo berhenti jadi orang yang denial sama kesehatan diri sendiri. The real luxury is a functional kidney,"
6,2026-02-04 07:00:00,threads,Yukk kakk bisa kakk.. semangatt yaa
7,2025-04-08 07:00:00,threads,Makasih doanya. Sy juga ngeri bgt sm ini penyakit. Keluarga sy jg ada yg meninggal krn ini.
8,2026-02-06 07:00:00,threads,h We're talking about voting law controversies in Intro to American Politics today so I have to go and update my slide where I present an outline of the Voting Rights Act and update it for yet another precedent -breaking Supreme Court decision... *sigh*
9,2026-03-20 07:00:00,threads,"Gw nge gym, otot naik, dada, paha dan tangan membesar tapi pinggang mengecil. BB masuk kategori overweight tapi body fat < %. Dengan semua effort gw buat sehat, malah seenaknya diejek oleh temen gw yang ""kurus""... ""Nih liat gw ga usah olahraga dan makan sembarangan aja badan gw udah bisa kurus"" 😂😂😂."
10,2026-02-06 07:00:00,threads,chronicillness h I saw the post of the woman who said she gets enraged when childless people say they're tired. *Laughs in chronic illness and post-exertional malaise*
11,2026-02-06 07:00:00,threads,Alasanya gak sanggup dok.. pdhl blm nyoba.. malas debat sama boomer lelah hati jelasinya sok.. dari aku yg baruu aja kelar wo di rumah aja.. sehat semua.. luangkan waktu olahraga wee..
12,2025-08-22 07:00:00,threads,"Klo nyapu, ngepel, nyuci, nyetrika momong anak itu jg bs dikatakan olga ga dok ?"
13,2026-02-06 07:00:00,threads,h The application isn't the hard part. Believing your work is worth submitting is. Most designers lose opportunities because they talked themselves out of applying. Send it.
14,2026-04-19 07:00:00,threads,Saya dah ada. Umur
15,2025-07-04 07:00:00,threads,"Terus gimana cara bantu biar insulin nggak kagetan? Balik lagi ke sini. Nah, loh 😆 🍳 Makan protein & serat lebih dulu ➔ lambat naikinnya 🚶🏻‍♀️ Jalan kaki abis makan ➔ bantu clear gula 😴 Tidur cukup ➔ kortisol stabil 🧘🏻‍♀️ Kelola stress ➔ stress bikin insulin makin dramatis --- Ouroboros kan jadinya."
16,2026-05-08 07:00:00,threads,Kalau yg herbal itu bagus apa enggk kak
17,2025-11-11 07:00:00,threads,Berdoa Merubah pola makan dan pola hidup kak
18,2026-01-20 07:00:00,threads,Kombinasi latihan bisa jadi POWEFULL jika dilakukan dengan rutin... Selamat Mencoba...
19,2026-03-26 07:00:00,threads,Baik kak. Jadi memang alat stik itu bisa expired ya ternyata? Senin depan baru bs bawa HbA c kak karena saya masih diluar kota. Makasih banyak insight nya 🙏
20,2025-08-21 07:00:00,threads,Na'am kak.. Berarti IF juga hindari karbo ya termasuk nasi merah ? Memang suami penyuka minuman kaleng n manis.. Jazakillah Khairan kak untuk sharingnya..
21,2026-03-22 07:00:00,threads,Penyakit yg merenggut nyawa adik ipar saya. Husnul Khatimah adek cantik 🥹🤲🏻
22,2026-05-11 07:00:00,threads,"Saya prediabetes,gds saya ,td / , BB saya kg,TB"
23,2026-03-26 07:00:00,threads,Susah kan kakkk. Cuma senin bsk mau kubawa periksa hba c dlu kakk Usia brp bapak mertuanya kak?
24,2026-02-17 07:00:00,threads,"✅ Pre-Ramadan Flush Mulai hari ini, H- Ramadan, stop semua kopi manis. Kasih waktu jam buat ginjal lo melakukan Self-Cleaning dan menurunkan tingkat inflamasi sebelum lo mulai puasa."
25,2026-04-19 07:00:00,threads,Dah nak masuk minggu kedua buat i.f. Bacaan gula dah terkawal. Tak suka pun minum air manis air viral. Cuma kuat makan nasi. Haritu terkejut check gula . Esok tu terus insaf nak diet.
26,2025-10-30 07:00:00,threads,Darah tinggi boleh normal ke sis?
27,2026-03-22 07:00:00,threads,"Mon maap dok izin nanya, cara cek kt kencing lbh dr ltr perhari gimna? Masa hrs saya tampung d ember 😭😭😭"
28,2026-02-06 07:00:00,threads,"Nanya whey aman apa nggak ✅️ Nanya olahraga harus tiap hari apa nggak ✅️ Nanya jalan kaki itu olahraga apa bukan ✅️ Nanya pantangan makan ✅️ Nanya nasi masih boleh apa nggak ✅️ Nanya dokternya bisa ditanya lagi apa nggak ✅️ Nanya kalau udah lansia masih boleh gym apa nggak ✅️ Udah semua ditanya Yang belum apa? Yak, memulai ❎️"
29,2026-04-04 07:00:00,threads,"rutin minum obat dan suntik insulin sesuai instruksi dokter, rajin kontrol ke dokter, jaga tekanan darah tinggi agar diabetes tidak cepat merusak ginjal lewat tekanan darah yg tinggi sehingga harus cuci darah, makan senormalnya, jgn banyak atau bahkan ekstrim makan dikit/diet aneh , aktivitas fisik rutin yg santai. Jaga kelembapan kulit pakai lotion untuk mengurangi gatal . Sedia madu di kamar atau tas, jd kalau drop gulanya konsumsi madu."
30,2026-02-08 07:00:00,threads,"Kebalikan nya ama aku,,aku malah hipo,dan telat makan sedikit aja auto turun drastis itu GD di angka an,gemetar, deg an,keliyengan, aku emang kurang suka manis jd lah kalo kumat ya mau ga mau makan roti an,beli es krim,makan nasi yg banyak,"
31,2026-02-11 07:00:00,threads,"Dengar baik-baik: Luka diabetes idealnya lembap, bukan kering Kenapa ditutup? ✔ melindungi dari bakteri ✔ mempercepat regenerasi jaringan ✔ menjaga suhu luka stabil ✔ menurunkan risiko infeksi"
32,2026-04-24 07:00:00,threads,Guyss share dong.disini ad yang penderita diabetes gakk?? Dan punya luka yang susah sembuh gakk??
33,2026-05-12 07:00:00,threads,"Mau dokter, bagaimana caranya?"
34,2026-02-10 07:00:00,threads,"semangat sissss, olahraga rutin, makan juga diatur jam nya. aku juga penderita diabetes, tiap pagi & malem ga makan, soalnya kalo kebanyakan makan gula darahku naiknya tinggi huhu. biar ga lemes bisa minum diabetasol dulu sissss. semoga membantu ya"
35,2026-05-12 07:00:00,threads,Sdh klik link wa diprofil ?
36,2026-02-06 07:00:00,threads,h Do you preface White supremacy with “not all White people”?
37,2024-10-29 07:00:00,threads,"dilarang minum obat diabetes jd atur makan, yg tetap lanjut obat hipertensi. pernah cek kreatinin infonya diangka , skrg efek ginjal jga kayaknya kena ke lambungnya. matanya proses laser tp yg dilaser malah makin kabur."
38,2026-02-06 07:00:00,threads,"h I'm so sick of the false ""Musk created jobs!"" narrative. We gave him $ illion so far, exactly how many jobs did that create? Don't bother looking it up, he used it to buy more Republicans."
39,2026-02-06 07:00:00,threads,h i don't get why i would ever need to ask google maps something
40,2026-01-16 07:00:00,threads,Akuuu jg sering bikin jus bit kk Aku jg jualin eh banyak yg minat Paling enak mix apel nanas jahe
41,2026-02-06 07:00:00,threads,h Imma get me some Fleet
42,2026-03-26 07:00:00,threads,"Diabetes tidak selalu dari makanan minuman manis. Kebanyakan makan karbo juga iya. Gak pernah olahraga juga iya, pola hidup lah intinya. Bisa juga genetik"
43,2025-08-23 07:00:00,threads,"Sy banget ini dok, kalori harian sy batasin - bb jadi tp jalan bulan badan stuck gak bisa turun lagi walaupun kalori harian hanya segitu, lalu setahun lalu sy mulai angkat beban bb turun ke tapi kalori harian kdg lebih tapi badan segini aja mlh lebih proposional"
44,2026-05-04 07:00:00,threads,Penjelasannya dimana ya? Aku cariin gak ketemu
45,2025-07-04 07:00:00,threads,"Intinya: Bukan kamu yang harus dikurung makan rebusan doang. *menderita banget 😭 Tapi ngerti cara urutannya, kombinasinya, dan kebiasaan ngimbanginnya. Dan ngerti dulu kenapa tubuhnya, baru deh sibukin diri makan apa. Jangan kebalik. Kalau kebalik, itu yang bikin sehat terasa mahal dan dianggap mahal. Padahal bill RS lebih mahal. Choose your mahal. LOL"
46,2026-02-06 07:00:00,threads,"d TEMENNYA TEMEN GW DIAGNOSA PRE-DIABETES. Umur . Rajin gym. Makan teratur. Lifestyle aktif. Gak ngerti kenapa. Yg dia konsumsi tiap hari cuma hal: es kopi susu kekinian. Buat ""treat"" abis workout. Gw nanya tetangga gw. Bukan owner. Bukan barista. Bagian operasional di chain kopi besar. Dia ketawa: ""Lo tau gak ada modus chain kopi yg sengaja didesain biar cup = AKG gula lo sehari?"" Trs sebut istilah yg bikin gw cek menu langganan gw. Istilahnya :"
47,2025-07-04 07:00:00,threads,"Gula darah kamu naik turun kayak roller coaster? Hati-hati, insulin bisa jadi kagetan. Dan kalau insulin udah nggak stabil, efek dominonya bisa ke mana-mana. Nggak cuma diabetes. Bahkan... kualitas kesehatan keturunan kamu."
48,2026-02-06 07:00:00,threads,"d Gula sendok makan (sekitar gram) utk teh segelas. Wah, berani sekali, mgkn punya banyak stok nyawa."
49,2026-02-05 07:00:00,threads,"Sy ga minum obat apapun. Tapi di kotak obat selalu sedia. Krn puasa ga sahur, pas buka makan sayur sedikit, telur wajib, ikan ayam daging ganti an, tahu tempe. Dah lama ga makan nasi. Sesekali cheating mkn kue, mie tp jarang banget. Buah jg ga. Tiap pagi cek tensi dan dargul. Kopi, teh ga."
50,2025-10-30 07:00:00,threads,Minta izin share ya
51,2026-02-06 07:00:00,threads,Aamiin Allahumma Aamiin Semoga kamu dan keluarga juga tetap dan selalu sehat dan berbahagia ya... 🥰
52,2026-01-17 07:00:00,threads,Bit nya berapa buah dan di jus dengan berapa cc air? Pakai juicer atau blender? Diminum pagi /siang/malam? Diminum perut kosong atau habis makan? Maaf nanya krn sy mau ikutin spt itu
53,2026-03-12 07:00:00,threads,"Tadi ada istri pasien ke poli minta surat sakit. Suami gak ikut, katanya badannya sdh bengkak semua, gak mau dibawa ke IGD. Katanya sdh disuruh HD tp masih pikir"". Yg saya ingat beliau ada riwayat DM dan hipertensi. Ya salam.....terus buat apa surat sakit kalau kondisinya sdh perlu dirawat dan perlu HD"
54,2026-02-06 07:00:00,threads,h Wah baru tau mulut bisa kaya aseton baunya Info yg sangat mencerahkan Thank u 🙏
55,2026-02-06 07:00:00,threads,"d dok saya masih makan nasi, tapi pati resisten yg disimpen dulu di kulkas kadang jam kadang jam. porsi g/makan. sehari makan x gmn mnrt dokter"
56,2024-10-25 07:00:00,threads,"Kebetulan alm ayah diabetes udh menjalar k paru .sumber awal krn pankreas udh kewalahan memproduksi insulin utk mengolah gula spy bs disalurkan ke organ lain. Imbas nya gula numpuk di darah.fungsi ginjal sbg filtrasi darah.klo darah aj full gula,krj dy makin keras. Inilah yg bikin gagal ginjal.komplikasi lain ke organ tubuh.krn yg hrs ny gula bs sbg energi utk organ bekerja tp cm jln di darah doang. Efek samping gula adl inflamasi peradangan"
57,2026-02-06 07:00:00,threads,"h James Tolkan, known for his roles as authoritarian figures in the “Back to the Future” and “Top Gun” films, has died. He was . abcnews.com Actor James Tolkan of 'Top Gun' and 'Back to the Future' fame dies at"
58,2026-02-06 07:00:00,threads,"h If you're afraid of snake clowns, we can be friends."
59,2025-08-20 07:00:00,threads,"MasyaAllah, boleh di share tipnya kak karena qadarullah suami juga Diabetes gula sempat mencapai"
60,2024-10-28 07:00:00,threads,Lalu gimana keadaanya sekarang suaminya kak? 🥺
61,2025-04-08 07:00:00,threads,perlu jg di periksa kadar insulin dlm darah dan resistansi cell tubuh pd insulin untuk memastikan masalah dr pankreas atau insulin reseptor pd cell
62,2025-11-29 07:00:00,threads,Kalau kepala yang kesemutan kenapa ya? soalnya kepala tu suka tiba kesemutan.
63,2026-02-17 07:00:00,threads,"Kopi buat kesehatan liver, kopi bagusnya kopi item. Tanpa susu kopinya colek GERD. Jadi solusinya apa?😆 Serius nanya.."
64,2026-02-06 07:00:00,threads,"Ini persis banget kyk saya dok. Umur , lari kali seminggu, ga nyemil, ga minum manis, makan × sehari. Mutusin MCU karena makin sering pipis tengah malam bisa sampe kali, ngantuk parah setelah makan, dan cepet lemas. Ternyata hasil test HbA C saya , . Dari situ mutusin buat perbaiki pola makan + mulai ngegym buat naikin massa otot. Setelah bulan test lagi HbA c turun jadi ,"
65,2026-02-06 07:00:00,threads,h love watching white people play Uno
66,2026-02-06 07:00:00,threads,"d Karena gula darah kita ada di peredaran darah kita bu. Sedangkan saat hamil, kita berbagi darah dengan si janin dalam kandungan. Otomatis kita berbagi gula darah dan nutrisi lainnya juga. Tiap hari, janin bertumbuh, maka kebutuhannya akan gula darah juga meningkat. Nah jadi itu alasannya, kenapa meskipun ibu sudah konsumsi buah an gula darah tidak naik signifikan. Terbukti dari perkembangan bayi ibu yang bagus, jadi bisa kita simpulkan kalau gula darah ibu digunakan dengan baik oleh si janin."
67,2026-03-27 07:00:00,threads,"gula darahku hampir aja udah sakit semua ini badan apalagi , cepet sembuh buat ibu ya kak. cek hb ac aja lebih akurat, obatnya minta dokter biar jelas dosisnya soalnya GD nya udah tinggi. wajib rutin olahraga kak, jika memungkinan bisa olahraga angkat beban, itu efektif bgt turunin GD, minum susu diabetasol juga biar stabil gula darahnya biar engga naik turun, banyakin makan realfood kayak tahu tempe, sayuran, telur, ikan, dll"
68,2025-11-29 07:00:00,threads,"Ini, gejala saya. Hilangnya memang setelah pola makan gluten free"
69,2026-02-17 07:00:00,threads,penyebabnya kopi/hal lain kak
70,2025-11-12 07:00:00,threads,Dokter jelaskan tentang gula yg menjadi sumber energi
71,2026-02-04 07:00:00,threads,"Kak maaf nimbrung, pernah periksa hba c kah?"
72,2025-08-19 07:00:00,threads,Spill ka cara diet low carbnya sm ifnya brp jam? Olahraga juga kah?
73,2026-05-08 07:00:00,threads,"Saya juga mantan pejuang diabetes yg hba c pernah .. usahanya mirip .. dari semua macam diet udh dilakukan tp hasil ng maksimal. Akhirnya saya dikenali dgn program kesehatan TRme. Alhamdulillah cuma bulan penyakit hilang, punya body goal wajah jadi muda lagi.. metabolisme membaik.. massa tulang naik.."
74,2026-02-27 07:00:00,threads,"Interesting posting. Saya pun memang sangat menjaga gula putih. Tak minum air manis, kuih aestetic viral, anything yang manis berdasarkan gula putih memang saya elak. Nasi, buah tu saya makan je lah cam biasa kang sakit pulak. Turns out bacaan gula dalam darah saya lagi tinggi daripada orang yg ambil gula putih😭 Belum masuk paras bahaya tapi agak tinggi sebab I betul jaga. Benda ni make sense sebab i dulu selalu gak pitam, maybe kurang glukose kot dalam darah. Hmmmmmm"
75,2025-04-08 07:00:00,threads,Wah menguatkan. Terima kasih bgt.
76,2026-02-06 07:00:00,threads,h sentiment is slowly shifting against a certain lab
77,2026-02-05 07:00:00,threads,"Alhamdulillah aku ga dn smg sll sehat, umurku th anak tp msh suka Olga zumba + kick boxing dn mengelola stres dg me time"
78,2026-02-06 07:00:00,threads,d Ada yang salah dari kawan anda. minum kopsu buat treat abis workout padahal kalo diminum sebelum workout kan gulanya bisa diolah jadi energi pas workout
79,2026-01-12 07:00:00,threads,"Awan ini badannya gempal. Hoblnya makan. Prinsip hidupnya: ""Kalau ada yang gratis, kenapa harus bayar?"" Pas giliran dia, dia semangat banget. Mulutnya mangap lebar-lebar. Kayak anak burung nunggu disuapin induknya. Dikasih garem: ""Asin Pak! Tambah lagi dong, enak nih buat lauk."" Dikasih kopi tanpa gula: ""Pahit Pak! Tapi lumayan buat melek."" Dikasih jeruk nipis: ""Seger Pak! Kurang es batu aja nih."" Saya geleng-geleng. ""Wan, ini praktek biologi, bukan prasmanan kondangan!"""
80,2026-02-19 07:00:00,threads,"Lalu si pembuluh darah kamu mulai kaku. Gula darah tinggi kronis ngerusak dinding pembuluh darah. Kolesterol nempel di dinding yang rusak. Jantung kerasa kerja lebih berat buat mompain darah. Tekanan naik. Hipertensi bukan penyakit ""orang tua."" Ini penyakit ""orang yang insulin-nya diabaikan."""
81,2026-02-06 07:00:00,threads,d Terimakasih banyak dok 🙏🙏
82,2026-02-06 07:00:00,threads,Ijin tanya cemilan yang bagus buat penderita diabetes apa ya? Yang bisa awet juga.
83,2026-02-06 07:00:00,threads,d Untung jarang bgt kopsus
84,2025-04-08 07:00:00,threads,Sudah jogging menit setiap pagi dan tidak makan malam?
85,2026-02-12 07:00:00,threads,"diabetasol wafer, ibuku penderita diabetes suka ngemil itu. pernah ibuku beli kripik langsung aku buang, daripada gula nya naik mending ku buang😅"
86,2026-02-17 07:00:00,threads,Kl kopi hitam tanpa gula + susu full fat gimana?
87,2026-03-10 07:00:00,threads,Ini bener banget 💯 Seratus buat kakak Sebagai contoh : Jika SGOT nya tinggi (ini biasanya orgnya suka minum alkohol) Jika SGPT tinggi (kemungkinan besar orgnya obesitas Dan perutnya buncit) Terima kasih sudah berkomentar
88,2025-04-08 07:00:00,threads,"btw kalo uda atur makanan yg ga karbo ga gula, menurut saya ga perlu defisit kalori sih hahaha. Itu perut dan hipotalamus udh alarmnya jalan...masi butu nutrisi ya dia laper, udh cukup ya uda kenyang. Soalnya saya perna praktekin pas diet low carb, bisa turun ke bb jaman saya SMP tanpa hitung an kalori nimbang makanan."
89,2025-08-19 07:00:00,threads,"Tidak makan nasi sama sekali ? Kok aku pusing ya. Sampe rasanya ky muter . Bb sebelum nikah kg, setelah nikah kg🫠"
90,2026-02-07 07:00:00,threads,Semangat ya Kak.. No boba juga loh
91,2026-03-01 07:00:00,threads,Ngeri baca komentar nya. 😭
92,2026-02-06 07:00:00,threads,"d Sama kak, semoga bermanfaat 😊"
93,2026-05-08 07:00:00,threads,"Yang pertama adalah selalu makan karbo + serat. Makan indomie? Pakein daun sawi segenggam. Makan nasi? wajib ada sayur hijau rebus. Serat memperlambat naiknya gula darah. Alhasil, ga ada lonjakan, dan lemak engga numpuk. Yang kedua adalah minum satu sendok cuka apel dicampur air sebelum makan karbo. Selain serat, asem juga bisa nurunin lonjakan gula darah. Di mana saya mati-matian nahan nafsu buat ga makan nasi, si temen saya itu masih bisa enjoy makan nasgor dan pasta dengan hati tenang"
94,2025-10-30 07:00:00,threads,"Sya da stop ubat darah tinggi almost a year, after buat if+omad. Tp bila stress darah on off naik normal 😆 nak buat blk if omad, tp kena gastric la pula. Tgu dlu la"
95,2026-03-01 07:00:00,threads,"jam setelah makan pergi ke apotik, minta cek gula darah. klo gula darah tembus antara - itu berarti lu masuk pre-diabetes, tapi klo udah diatas lu fix udah kena diabetes. tahu kan kenapa diabetes disebut silent killer? karena klo badan lu udah limit lu bakal kolaps tanpa warning"
96,2026-01-17 07:00:00,threads,Kalo saya lebih suka di makan mentah enak mirip bengkuang rasanya
97,2026-01-20 07:00:00,threads,Masalah Utama : Diabetes /Prediabetes/PCOS Penyebab Utama : RESISTENSI INSULIN Latihan dibawah ini adalah Cara Cerdik buat MEMPERBAIKI RESISTENSI INSULIN... Penting!!!!untuk kamu ketahui...
98,2025-11-30 07:00:00,threads,Mmaanntttaapppp..bener bgt apa yg d sampaikan
99,2026-02-06 07:00:00,threads,m Ketosis di IF terjadi didalam proses pembakaran lemak menjadi energi dibantu oleh glicogen atau gula darah. Tidak ada bau yang tercium Dari proses ini
100,2025-11-14 07:00:00,twitter,"Diskusi sempena Hari Diabetes Sedunia menyorot beban penyakit, cabaran pekerja, peranan majikan serta penggunaan teknologi moden dalam pengurusan diabetes di tempat kerja. AWANIpagi AWANInews"
101,2026-05-05 07:00:00,twitter,"Mati, krn cahaya ketika tidur Beresiko lebih tinggi menderita diabetes serta penyakit metabolik dan degeneratif lainnya"
102,2020-09-16 07:00:00,twitter,"4. Mencegah Diabetes Kafein dalam kopi dapat meningkatkan sensitivitas dalam tubuh terhadap insulin. Selain itu, kafein dalam kopi juga dapat mencegah penyakit jantung loh Intelektual Muda Meskipun kopi kaya akan manfaat, ada baiknya kamu tetap mengonsumsi kopi dalam (cont)"
103,2020-03-17 07:00:00,twitter,Anyway.virus ini belum ada vaksin dan belum ada obatnya. Solusi cuma isolasi diri sendiri dan disiplin dengan kesehatan. Yg resiko tinggi kalau ada diabetes atau penyakit lain. Daripada mikirin orang lain nularin ke lainnya. pikirin dulu diri sendiri .supaya dirumah aja.
104,2022-11-15 07:00:00,twitter,"Mewakili MedTweetMY untuk menghadiri Majlis Pelancaran Sambutan Hari Diabetes Sedunia 2022 yang dianjurkan oleh Cawangan Penyakit Tidak Berjangkit, KKM Putrajaya"
105,2018-10-22 07:00:00,twitter,"Mereka yang tak aktif berolahraga memiliki risiko kesehatan yang lebih buruk daripada merokok, diabetes dan penyakit jantung."
106,2023-04-08 07:00:00,twitter,Apa yang harus dilakukan bila terdiagnosis penyakit DM? . CERDIK CegahPTM DukungGERMAS Diabetes Diabetesmelitus
107,2022-04-26 07:00:00,twitter,"Percaya atau tidak pada tahun 2020, penyakit diabetes menduduki tangga ke-8 sebagai punca utama kematian di Malaysia. Jadi, pastikan anda sentiasa menjaga pemakanan sepanjang menyambut Hari Raya Aidilfitri."
108,2025-01-11 07:00:00,twitter,"Cara Mengolah Tanaman Ginseng Jawa Untuk mendapatkan khasiat dari ginseng jawa ini sebenarnya tidaklah terlalu sulit bergantung dari penggunaan tanaman ini apakah untuk penyakit dalam atau hanya sebagai pengobatan luar. Penyakit dalam: Untuk mengatasi penyakit dalam bisa mengeringkan daun ginseng jawa lalu dihaluskan dan diseduh menjadi teh atau bisa juga diolah menjadi masakan seperti tumis, sayuran berkuah dan juga minum air rebusan ginseng jawa. Penyakit luar: Sedangkan untuk mengatasi penyakit luar seperti luka, bengkak atau jerawat bisa dilakukan dengan cara menghaluskan bagian daun ginseng jawa dan mengaplikasikannya langsung pada area tubuh yang bermasalah. Artikel terkait: Manfaat Bunga Rosella Manfaat Jintan Hitam Manfaat Daun dan Bunga Kitolod Manfaat Daun Zodia Manfaat Daun Karsen Untuk Diabetes Tanaman ginseng jawa yang awalnya hanya sebagai tanaman liar, kini sudah menjadi tanaman hias atau apotek hidup karena memiliki kandungan yang sangat bermanfaat untuk kesehatan tubuh, mulai dari bagian daun sampai akar dari ginseng jawa tersebut. fbWhatsappTwitterLinkedIn Tagsginseng, herbal"
109,2020-11-12 07:00:00,twitter,Jutaan rakyat Malaysia yang menghidap diabetes atau penyakit kencing manis bergelut untuk mengawal paras gula (glukosa) dalam darah mereka! Fakta yang sudah tentunya mencemaskan.
110,2020-05-02 07:00:00,twitter,"Kawan Kawan yang ada saudara mara dengan penyakit kencing manis, boleh download app ini. DIAri (Diabetes, Insulin Adjustment and Ramadan information) - merupakan satu aplikasi yang dibangunkan bagi membantu pesakit Diabetes mengawalkan paras gula dengan mengubahsuai dos insulin."
111,2021-04-24 07:00:00,twitter,"Memang apa saja sih dampaknya Stunting bagi anak? anak stunting akan memiliki kecerdasan di bawah rata sehingga prestasi belajar tdk bsa maksimal. Sistem imun tubuh anak tidak baik sehingga anak mudah sakit. Anak akan lebih tinggi resiko menderita penyakit diabetes,jantung"
112,2017-11-12 07:00:00,twitter,Program Blue Walk untuk kesedaran penyakit diabetes: via
113,2024-03-07 07:00:00,twitter,"Penyakit diabetes merupakan penyakit dengan kadar gula darah tinggi, kondisi inilah yang dapat memperlambat proses penyembuhan luka pada tubuh. Sehingga perlu penanganan yang tepat agar luka tidak mengalami infeksi."
114,2020-03-29 07:00:00,twitter,"Makanan Popular Ini Punca Diabetes, Penyakit Jantung Dan Strok! Ramai orang sedar bahawa mee segera tidak sihat tetapi masih terdapat individu yang menafikan bahawa ia boleh membahayakan kesihatan mereka."
115,2020-07-23 07:00:00,twitter,"Ada nih pabrik deket rumah ku, hampir semua petinggi pabrik itu kalau udah pensiun kena penyakit, entah stroke, darah tinggi ataupun diabetes. Kalau kata orang sih buat tumbal pesugihan, biar pabrik nya bjalan lancar. Eh ternyata. Semua gara"" burn out di masa muda"
116,2023-04-07 07:00:00,twitter,Kencing manis Juga disebut: Diabetes Sejumlah penyakit yang mengakibatkan terlalu banyak kadar gula dalam darah (glukosa darah tinggi).
117,2020-05-14 07:00:00,twitter,"Mba. cancer,hiv, diabetes itu type penyakit yang berbeda dengan COVID 19. Liat cara penyebarannya aja beda. Gimana si? Dengan Corona kita ngga bisa damai,kecuali kalo emang mau ngurangin jumlah populasi manusia di Indonesia"
118,2020-03-11 07:00:00,twitter,"TAKUT NYINGGUNG saat umumkan suspect Covid-19 meninggal dunia, jubir pemerintah utk Corona Achmad Yurianto sangat tekankan bhw penyebab kematian bukan Covid-19 tapi penyakit lain spt diabetes, obstruksi menahun, dll. ke-hati2-an yg terkesan takut nyinggung perasaan Covid-19."
119,2020-11-16 07:00:00,twitter,"Faktor Risiko yang Bisa Turunkan Harapan Hidup Penderita Diabetes.Apa pun yang memperburuk diabetes atau meningkatkan risiko pengembangannya,kemungkinan juga dapat memperpendek harapan hidup seseorang dengan penyakit tersebut pt3sindonesia polahidupsehat diabetes"
120,2022-12-19 07:00:00,twitter,"Selama lebih dari tiga tahun Wanda Wijaya menjadi satu-satunya orang yang paling diandalkan saat ibunya sakit. Sejak tahun 2016, ibu Wanda didiagnosa menderita penyakit diabetes lalu disusul serangan stroke. Sang ibu tak bisa lagi berjalan dan beraktivitas secara mandiri."
121,2024-01-14 07:00:00,twitter,"Minuman manis banyak gulanya, kalo kita lihat riset yang ada, gula tuh bikin diabetes, semakin murah minuman manis maka banyak konsumsinya, semakin banyak semakin orang tuh jadi punya penyakit"
122,2022-09-29 07:00:00,twitter,guys boleh minta doanya buat mamah aku yg lagi sakit Beliau punya diabetes + penyakit paru Susah bgt nahan nangis tiap hari liat mamah aku begini Mohon doanya biar mamah aku cepet sembuh
123,2026-05-01 07:00:00,twitter,"Bedanya gini, perokok menyebabnya penyakit gak hanya untuk usernya saja tapi juga sekitarnya (istri dan anak juga terserang ppok sebab rokok). Kalau diabetes yang disebabkan pola hidup tidak sehat menyerang hanya usernya."
124,2016-12-21 07:00:00,twitter,Obat Herbal untuk Penyembuhan Penyakit Stroke dan Diabetes -
125,2021-09-17 07:00:00,twitter,"4. Evaluasi riwayat penyakit Penyakit kronis spt diabetes, hipertensi, gangguan mental, tiroid, autoimun, harus dikontrol/diterapi sebelum hamil sampai stabil. Memerlukan penanganan dokter spesialis khusus."
126,2017-05-09 07:00:00,twitter,Gangguan metabolisme yang terjadi terus menerus dapat meningkatkan resiko kamu terkena penyakit metabolisme seperti diabetes.
127,2019-01-25 07:00:00,twitter,"irwan_sst RT KemenkeuRI: Asupan gizi yg cukup harus diperhatikan agar penyakit seperti diabetes, stroke, dan penyakit jantung tidak jadi ancaman saat usia dewasa. Sehingga produktivitas tidak terhambat dan mampu berkontribusi dalam pertumbuhan ekonomi"
128,2021-07-21 07:00:00,twitter,"DARAH Kakekku berumur 70an menderita diabetes udah 15 thn. Dan 3 tahun terakhir didiagnosa penyakit gagal ginjal. Cuci darah 2x dalam seminggu. Bayangin harus cuci darah kayak gini seumur hidup . Sempet gak cuci darah sekali, dan kakekku ga sadarkan diri cont"
129,2021-02-20 07:00:00,twitter,Kenali beragam upaya yang baik dilakukan sabagai cara mengontrol gula darah tetap stabil atau mencegah lonjakan gula darah penyakit kronis diabetes.
130,2019-11-01 07:00:00,twitter,"Kelompok pelajar di Kota Baubau, Sulawesi Tenggara, menemukan manfaat daun kelor sebagai obat untuk menurunkan penyakit diabetes melitus pada konsentrasi glukosa dalam darah,"
131,2025-08-06 07:00:00,twitter,"Tahukah kamu kalau diabetes tipe 1 itu bukan sekadar penyakit gula ? Faktanya, diabetes tipe 1 adalah penyakit autoimun. Artinya, sistem imun kita justru menyerang sel-sel tubuh sendiri tepatnya sel di pankreas yang bertugas melepaskan insulin."
132,2026-06-09 07:00:00,twitter,Sumpah takut diabetes.
133,2016-11-25 07:00:00,twitter,"Susu DIABETASOL,Produk ini sangat bermanfaat untuk kesehatan kisa semua menghindari penyakit diabetes KLBPartnerForGrowth"
134,2024-05-19 07:00:00,twitter,"spe2 yg rse berisiko utk diabetes/penyakit tiga serangkai dn lain2 sprti buasir mampu utk perlindungan takaful, bleh pm sye laju2"
135,2021-11-17 07:00:00,twitter,"Karena faktor risiko diabetes adalah riwayat keturunan dan gaya hidup, penyakit ini bisa diderita semua orang di segala usia. Karena itu, yuk, mulai lebih perhatikan gaya hidup kita dan lakukan yang kita bisa untuk mencegah diabetes. SehatAwalKemenangan TipsCegahDiabetes"
136,2022-03-10 07:00:00,twitter,"Contoh kasus Kasman kece sekarang kena penyakit diabetes melitus berpotensi kena strok dan darah tinggi jadi pesakitan karena lacut merendahkan menghina Islam sedemikian rupa, saksi bukti ratusan judul video YouTube isinya merendahkan Islam"
137,2020-04-28 07:00:00,twitter,"Syahrul meninggal dunia bukan semata-mata disebabkan COVID19, melainkan terdapat penyakit penyerta lainnya, yakni pembengkakan ginjal, hipertensi, dan diabetes."
138,2024-11-28 07:00:00,twitter,"Banyak yang gak sadar jika di Indonesia ada potensi besar masyrakatnya terkena diabetes, jantung, dan hipertensi. Lakukan skiring kesehatan untuk deteksi potensi penyakit berbahaya diatas sejak dini."
139,2021-04-09 07:00:00,twitter,"Sometimes kita akan start exercise bila sakit and after doc suruh jaga kesihatan but its never too late untuk start Our clients ada yg hidap various penyakit eg diabetes, lupus but that didnt stop them from performing HELP LINE 0127909914"
140,2021-07-24 07:00:00,twitter,Memahami mengapa diabetes bisa menyebabkan penyakit jantung penting dilakukan sebagai langkah pertama untuk menuju pencegahan.
141,2022-04-21 07:00:00,twitter,"Kebiasaan tsb kalau kamu pertahankan bisa bikin rusak tubuhmu. Risiko2 penyakit jantung dan pembuluh darah bisa meningkat, bahkan termasuk diabetes juga krn kortisol mampu mengaktifkan glukoneogenesis dg memecah protein di dalam liver sehingga menambah jumlah glukosa dalam darah"
142,2018-12-20 07:00:00,twitter,Diabetes (diabetes melitus) adalah penyakit jangka panjang atau kronis yang ditandai dengan kadar gula darah (glukosa) yang jauh di atas normal untuk konsultasi dan info pemesanan : telp/sms : 082134529167 wa : 085801163429 obatdiabetes diabetes obatguladarah obatkolesterol
143,2019-12-08 07:00:00,twitter,Penyakit yang susah disembuhkan : 1. Hiv/aids 2. Diabetes melitus 3. Asma 4. Selingkuh
144,2020-06-13 07:00:00,twitter,dia itu manis saking manis nya jadi penyakit diabetes
145,2024-12-20 07:00:00,twitter,"Menurunkan gula darah Salah satu manfaat daun awar-awar yang paling terkenal adalah kemampuannya untuk menurunkan gula darah. Hal ini sangat bermanfaat bagi penderita diabetes, baik tipe 1 maupun tipe 2. Daun awar-awar mengandung senyawa aktif yang dapat membantu pankreas memproduksi lebih banyak insulin, sehingga kadar gula darah dapat turun. Selain itu, daun awar-awar juga dapat membantu memperlambat penyerapan glukosa di usus. Hal ini dapat membantu mencegah lonjakan gula darah setelah makan. Beberapa penelitian telah menunjukkan bahwa konsumsi ekstrak daun awar-awar dapat menurunkan kadar gula darah secara signifikan pada penderita diabetes. Manfaat daun awar-awar dalam menurunkan gula darah sangat penting, karena kadar gula darah yang tinggi dapat menyebabkan berbagai komplikasi kesehatan, seperti penyakit jantung, stroke, dan kerusakan ginjal. Dengan mengonsumsi daun awar-awar secara teratur, penderita diabetes dapat membantu mengontrol kadar gula darah mereka dan mengurangi risiko komplikasi."
146,2025-06-29 07:00:00,twitter,yuk guys selagi kita masih mudaa mendingan jauhin yg manis manis nanti dimasa tua repot beneran kena penyakit diabetes aku juga dah mulai jauhin manis manis karna ortu punya riwayat diabetes
147,2025-04-05 07:00:00,twitter,"Manfaat Apel Merah Bagi Kesehatan Yang Jarang Orang Tahu Manfaat apel merah bagi kesehatan jika dikonsumsi secara rutin dapat mencegah timbulnya penyakit kronis seperti kanker dan diabetes. Selain dua penyakit tersebut, mengkonsumsi apel merah juga dapat membantu menurunkan berat badan karena apel merah kaya akan kandungan air dan serat sehingga orang yang mengkonsumsinya akan merasa kenyang lebih lama. Manfaat apel merah juga bisa dirasakan oleh penderita asma. Apel merah dipercaya dapat membantu mengatasi gejala asma. Seperti yang kita ketahui, apel merah adalah jenis apel dengan kandungan antioksidan yang paling tinggi. Kulitnya yang merah dan juga gelap mengandung lebih banyak antioksidan atau zat yang melindungi sel dari kerusakan. Penasaran mau tahu apa saja manfaat apel merah bagi kesehatan? Simak terus penjelasannya disini ya."
148,2017-01-09 07:00:00,twitter,"Generali Friends dgn melakukan Medical Check-Up, kamu bisa mengetahui penyakit dgn gejala yang tidak tampak seperti diabetes, yuk check-up"
149,2020-08-29 07:00:00,twitter,"Iya, mba. selalu deg-degan karena aku tinggal serumah dengan ibuku yang punya penyakit bawaan diabetes. Belakangan, setiap berdoa meminta diberi kesehatan yang prima dan dijauhkan dari penyakit apapun. Udah itu aja. . Semoga sehat selalu, mba Tessa."
150,2018-06-24 07:00:00,twitter,Diabetes adalah suatu penyakit yang ditandai dengan kadar gula darah yang tinggi. Produk HWI yang dapat digunakan antara lain
151,2026-04-14 07:00:00,twitter,"Tadi papa ku ngabarin begini, beliau kerja di rs dibagian rawat inap. Bulan ini udah ada beberapa pasien diabetes yang umurnya under 30. Masih pada muda udah bulak balik rs buat hemodialisa Buat kalian yang masih sering banget jajan minuman manis, stop ya. Please banget. Penyakit diabetes ga mandang usia, ga mandang berat badan, yang bb normal atau kurus tapi ga kontrol gula, tetep bisa kena diabet"
152,2024-10-26 07:00:00,twitter,"4. Mencegah diabetes Gula darah yang tinggi dan tidak terkontrol lama-kelamaan bisa menimbulkan diabetes. Kondisi ini biasanya diawali dengan resistensi insulin, yakni kondisi ketika tubuh tidak dapat menyerap dan mengolah gula darah menjadi energi. Daun mengkudu memiliki efek antioksidan yang tinggi sehingga dapat membantu tubuh menggunakan insulin dengan baik. Berkat efeknya ini, daun mengkudu dapat membantu tubuh menyerap glukosa dan mengubahnya menjadi energi serta mencegah penyakit diabetes tipe 2. Agar terhindar dari penyakit ini, Anda juga perlu membatasi konsumsi gula dan menerapkan gaya hidup sehat."
153,2022-10-03 07:00:00,twitter,"Makanan dan minuman manis memang terasa enak ya, Lur. Eits. tapi supaya terhindar dari efek negatif termasuk penyakit diabetes, yuk. tetap awasi batasan konsumsi gula harian. Ingat, manis yang berlebihan itu nggak baik, Lur kecuali manis senyummu. Hehehe"
154,2025-01-20 07:00:00,twitter,Para orang tua sepertinya wajib dengerin ini deh. Ahli spesialis penyakit dalam yakni dr. Indra Wijaya akan memaparkan terkait mitos atau fakta seputar penyakit diabetes yang bisa diwariskan ke anaknya.
155,2018-08-09 07:00:00,twitter,"Diabetes yang juga kerap disebut penyakit yang tidak ada obatnya, dapat dicegah sedini mungkin dengan mengkonsumsi kopi luwak 2 sampai 4 gelas sehari. Namun hindari dengan penambahan gula di dalamnya. KIDOTAcoffee kitabisa"
156,2021-06-15 07:00:00,twitter,"Dimasa pandemi selain imunitas, penyakit bawaan seperti diabetes, jantung dan paru2 harus ada perhatian lebih. Kopi herbal cordycep multifungsi selain untuk GRENGS, manfaat lainnya sbg NUTRISI PARU2 DAN JANTUNG. JUGA U/ PRODUKSI HORMON TESTOTERON Thanks Mas Rizal RO 3 Box"
157,2026-06-08 07:00:00,twitter,"Semanis teh sisri gula batu, bikin diabetes"
158,2017-11-05 07:00:00,twitter,"KPTKonvo Menghidap penyakit diabetes sehingga kakinya terpaksa dipotong tidak pernah melemahkan pelajar PhD, Dr."
159,2024-06-12 07:00:00,twitter,"Kenapa Penyakit Diabetes bisa menjalar ke kaki ? 30% penderita Diabetiker Melittus 2, mempunyai luka kaki diabetes. Cara mengenali gejala nya : hilangnya rasa sakit/ato tidak merasakan perbedaan temperatur. Pati ras ato sangat sakit. Tingginya sensibiltas"
160,2021-08-12 07:00:00,twitter,"Halo generasi sehat Gimana, seru kan belajar tentang penyakit diabetes. Semoga kedepannya kita lebih waspada terhadap penyakit diabetes yaa Nah, biar makin asik lagi nih, kita tutup Chapter 2 ini dengan games yuk !"
161,2024-03-17 07:00:00,twitter,"Puasa bukan hanya merupakan praktik keagamaan, tetapi juga memiliki manfaat kesehatan yang signifikan bagi tubuh dapat membantu mencegah dan mengurangi risiko penyakit seperti obesitas, diabetes, dan penyakit jantung."
162,2018-12-05 07:00:00,twitter,"Hipertensi, Diabetes, Kanker dan Gangguan Jiwa terus bertambah. Yg rasanya itu penyakit-penyakit manusia kelas menengah atas berarti Indonesia. Apakah seperti itu?"
163,2021-11-30 07:00:00,twitter,Diabetes dalam 30 hari Tekanan darah dalam 30 hari Masalah perut dalam 10 hari Semua jenis Kanker dalam 9 bulan Penyumbatan pembuluh darah dalam 6 bulan Nafsu makan yang buruk dalam 10 hari Uterus dan penyakit terkait dalam 10 hari
164,2023-03-08 07:00:00,twitter,"Pada kasus anemia peradangan dan penyakit kronis, misalnya penyakit menular (HIV/AIDS, tuberkulosis, endokarditis), penyakit radang (rheumatoid arthritis, Chron s disease, diabetes mellitus), penyakit ginjal dan kanker."
165,2024-07-04 07:00:00,twitter,Sebuah studi baru menunjukkan bahwa paparan cahaya buatan setelah tengah malam dapat meningkatkan risiko terkena penyakit diabetes tipe 2.
166,2024-02-04 07:00:00,twitter,"LATIHAN BEBAN masih kerap dianggap kegiatan berbahaya untuk LANSIA. Sesungguhnya yang berbahaya adalah PELEMAHAN OTOT. Lansia dengan otot lemah berisiko bermasalah pada tulang, sendi hingga penyakit metabolik seperti diabetes. The more muscle you have The less doctor you need"
167,2021-11-17 07:00:00,twitter,"Mantab nih,kudu pada ngurangun gula yuk,karena diabetes ini bisa menjadi penyebab penyakit degeneratif lainnya loh BPJSKesehatan BPJSMelayani JKNHadirUntukRakyat GotongRoyongSemuaTertolong"
168,2026-03-09 07:00:00,twitter,"biasanya sih ada penyakit nih, diabetes, rada susah ngaceng, testosteron udah turun jadi gak terlalu agresif cari wanita kata gue mah lanjutin aja, wanita bukan segalanya, toh hidup lu juga udah enak, kebanyakan wanita juga udah mirip lonte jadi ya gak worth it dinikahi"
169,2020-02-07 07:00:00,twitter,"lg dengerin khutbah sambil ngantuk, tiba2 khotib bilang; : Dzikir bsa mencegah kita trhadap virus Corona Me: ohh, mksudnya mnta pertolongan ke Allah biar trhindar. : Dzikir jga bisa mencegah kita trkena penyakit sperti kolesterol, darah tinggi, dan diabetes Lgsg melek"
170,2023-07-02 07:00:00,twitter,"Selain itu, berjalan kaki selama 30 menit atau bersepeda 20 menit dapat mengurangi resiko kematian paling sedikit 10%, 30% diabetes tipe 2, dan 10% penyakit kardiovaskular. Selain itu, penyakit kanker yang berisiko kematian ditemukan 30% lebih rendah pada pengguna sepeda."
171,2018-03-11 07:00:00,twitter,"Ada 4 pilar utama penanganan pasien diabetes tipe 2: terapi gizi aktivitas fisik terapi obat suntikan insulin Kalau kamu masih muda dan sehat, ayo mulai perhatikan masa depanmu. Dulu, diabetes itu penyakit lansia. Tapi sekarang, usia produktif bisa banget terpapar."
172,2022-11-19 07:00:00,twitter,"Happy weekend Ladies! Tahukah Ladies? Wanita perlu memberikan perhatian lebih dalam melakukan upaya pencegahan penyakit diabetes lho! Wah, kenapa ya? Diabetes PenyakitDiabetes ProdiaWomen LoveYourself CintaiDirimu LetsCheckUp"
173,2020-10-18 07:00:00,twitter,Aku mo speak up tentang masalah pasien covid ini true story baru terjadi 2 minggu ini Ibu saya terkena penyakit gula &amp; asam lambung pada waktu itu udah sakit drop banget sekitar 3-5 hari di bawa ke klinik terdekat sampai 3 x memang benar diabetes nya naik terus dan setelah itu
174,2020-10-20 07:00:00,twitter,"Selamat pagi SobatSehat! ""Tak ada penyakit yang tak bisa disembuhkan kecuali kemalasan. Tak ada obat yang tak berguna selain kurangnya pengetahuan -Ibnu Sina CMI CMIHospital KlinikUtamaCMI Sehat waras 20oktober jogjamemanggil Dynamite500M kanker jantung diabetes"
175,2021-09-30 07:00:00,twitter,"Singapura laporkan 8 kasus kematian akibat Covid-19 pada Rabu kemarin, kebanyakan korban adalah para lansia yang memiliki penyakit bawaan seperti jantung, diabetes melitus dan gagal ginjal.saat ini Singapura juga di hadapkan dengan penuhnya ruang perawatan pasien positif Covid-19"
176,2024-08-31 07:00:00,twitter,"Manfaat gandum utuh bagi lansia adalah menurunkan risiko penyakit jantung, stroke, diabetes tipe 2, hingga kanker."
177,2022-05-04 07:00:00,twitter,Mari kenali penyakit diabetes / kencing manis.
178,2020-03-07 07:00:00,twitter,"Apakah sahabat salah satu penggemar buah Apel? Jika iya, sahabat sudah berusaha melawan diabetes Buah Apel sangat baik dikonsumsi bagi seseorang yang memiliki risiko penyakit diabetes atau kadar gula"
179,2023-11-25 07:00:00,twitter,"Semoga punya penyakit diabetes,biar dipretelin atu anggota tubuhnya.Aamin"
180,2017-05-03 07:00:00,twitter,"Sarapan akan bantu tubuhmu mengontrol gula darah yg ada. Hati-hati ya ladies, Diabetes berpotensi timbulkan penyakit berbahaya lainnya lho!"
181,2022-09-25 07:00:00,twitter,Diabetes penyakit diam2 mematikan
182,2021-01-26 07:00:00,twitter,Kenali beragam perbedaan antara penyakit diabetes tipe 1 dan diabetes tipe 2 untuk mendukung pengobatan dan kesembuhan.
183,2018-07-14 07:00:00,twitter,"Ada beberapa cara yang dapat mendeteksi penyakit diabetes secara dini, Melalui kadar gula darah puasa (Fasting plasma glucose). Apabila kadar gula puasa terbukti lebih dari 100 mg/dL, maka kamu harus waspada terhadap risiko penyakit diabetes."
184,2016-11-13 07:00:00,twitter,"Olahraga dan aktivitas fisik yg teratur dapat menurunkan risiko penyakit jantung, stroke, tekanan darah tinggi serta diabetes !"
185,2019-11-22 07:00:00,twitter,Apakah kamu tahu apa itu penyakit diabetes? Tahukah kamu dampak apa saja yan bisa terjadi di tubuh seseorang yang mengalami diabetes? serbaserbi
186,2020-03-11 07:00:00,twitter,"WNA positif virus corona di Indonesia yang meninggal memiliki penyakit diabetes, hipertensi, dan paru obstruksi menahun. kumparanNews"
187,2025-06-25 07:00:00,twitter,"JANGAN DI BLAME SEMUA KEK GITU YA ANJ, SELINGKUH ITU PERSONAL BUKAN PENYAKIT DIABETES GAADA ANAK YANG BISA MEMILIH BUAT GA LAHIR DARI PASANGAN ORTU YANG KEK GITU"
188,2023-08-08 07:00:00,twitter,"Stres Bisa Memicu Penyakit Diabetes, Benarkah? via"
189,2022-03-05 07:00:00,twitter,"Teruntuk kalian, Jangan terlalu banyak makan makanan yang manis. Karna penyakit diabetes gak bisa sembuh dan mematikan"
190,2024-01-17 07:00:00,twitter,"Apakah diabetes selalu perlu insulin? tanya seorang warganet kepada saya. Ya mengenai insulin untuk diabetes melitus. Jadi pasien diabetes itu ada yang tipe 1 dan tipe 2. Kalau tipe 1, tidak mampu memproduksi insulin. Jadi diperlukan insulin dari luar. Wajib. Sedangkan untuk tipe 2 kondisinya bermacam-macam. Ada yang perlu: Diet saja Diet dan olahraga Diet, olahraga, dan pil Diet, olaharaga, dan insulin Diet, olahraga, pil, dan insulin Pil sendiri diperuntukkan kepada beta pankreas untuk memproduksi insulin lebih banyak. Mengapa perlu insulin untuk diabetes tipe 2? Ketika kondisi pasien: Mau operasi. Karena saat dibius pasien maupun sebelum bangun pasien tidak bisa minum pil, maka diperlukan insulin. Kemudian kondisi ketika produksi insulin tidak mencukupi walaupun sudah minum pil. HbA1c lebih dari 10. HbA1c merupakan pemeriksaan yang mencerminkan kondisi gula darah dalam 2-3 bulan terakhir. Demikian pula ketika orang yang kurus banget atau orang dengan infeksi berat seperti TBC atau panas tinggi. Nah kondisi-kondisi pasien diabetes di atas seringkali membutuhkan tambahan insulin. Untuk konsultasi pribadi, Anda bisa ke dokter spesialis penyakit dalam konsultan metabolik-endokrin ya. Terima kasih."
191,2026-06-07 07:00:00,twitter,"Diabetes dikiro masak, balancing rasa legi karo asin. Dimasak penyakit kon"
192,2024-09-06 07:00:00,twitter,"8. Penyakit Diabetes Kandungan nikotin dalam rokok dapat menyebabkan kadar gula darah meningkat secara drastis. Tak hanya itu, nikotin juga bisa memengaruhi proses kimia dalam sel, sehingga sel rentan mengalami resistensi insulin (tidak dapat merespon terhadap insulin). Jika terjadi resistensi insulin, maka kadar gula dalam darah tidak dapat dikendalikan. Padahal, insulin berperan penting dalam penyerapan glukosa. Itulah mengapa, penyakit diabetes menjadi salah satu akibat merokok yang perlu diwaspadai."
193,2019-04-22 07:00:00,twitter,"Hati-hati bong jangan suka makan-makanan manis, Jateng biasanya masakannya cenderung manis, khawatir+nya nanti kena penyakit diabetes."
194,2026-04-20 07:00:00,twitter,"Tinjauan Kebangsaan Kesihatan dan Morbiditi 2025 (NHMS 2025) Penyakit tidak berjangkit (NCD) meningkat ketara apabila 73% warga emas menghidap hipertensi, 76% kolesterol tinggi dan 39% diabetes. - KKM malaysiagazette"
195,2023-12-29 07:00:00,twitter,Penyakit Diabetes Mellitus kerap diidap oleh berbagai kalangan tanpa memandang usia maupun latar belakang sosial ekonomi. Faktor penyebab utamanya adalah perubahan gaya hidup yang berdampak pada kebiasaan dan pola makan.
196,2017-06-04 07:00:00,twitter,"HOT :di duga karena terlalu ""manis"" para personil cherrybelle mengidap penyakit diabetes"
197,2022-02-16 07:00:00,twitter,"Tinjauan Kebangsaan Kesihatan &amp;Morbiditi(NHMS) bagi tahun 2011, 2015&amp;2019 menunjukkan beban penyakit tidak berjangkit(NCD) bagi penyakit Diabetes menunjukkan tren peningkatan yg membimbangkan. JADI JANGAN BERLENGAH. LAKUKAN PEMERIKSAAN KESIHATAN HARI INI. @ Wellness Hub KKM"
198,2020-07-17 07:00:00,twitter,Fakta Omaswati Meninggal Dunia: Idap Penyakit Paru-Paru dan Diabetes hingga Ingin Bangun Masjid
199,2017-11-19 07:00:00,twitter,Awas madu beracun. 80% dari adu di pasaran Malaysia adalah tiruan yang membawa penggunanya ke penyakit diabetes. - laporan Berita Harian Ahad.
200,2023-02-22 21:59:16,youtube,Terima kasih semoga makin berkembang cenel ini
201,2018-08-05 13:54:06,youtube,saya law bnyak minum past bnyk kencing dok..
202,2023-06-22 22:01:27,youtube,"Malam dr sung, saya Ridwan seorang penderita Diabetes, Cholestrol dan Asam Urat. Apa makanan yang dapat saya makan dan makanan yang harus saya hindari?"
203,2021-08-12 16:34:11,youtube,Terimakasih Dokter 🙏
204,2022-10-03 20:03:14,youtube,"Dok, apa manfaat nasi aking untuk diabet"
205,2022-08-25 21:15:36,youtube,"Kaki saya sering nyeri , lemes , kebas, klo dingin sangat dingin sanpai terasa di tulang"
206,2018-07-28 11:39:14,youtube,"dok mohon jelaskan bikin videonya, sayur yang paling bagus di konsumsi lebih sering itu apa saja ?? katanya sayur2 yg memiliki getah itu tidak bagus &amp; ada jg yg bilang sayuran gunung seperti kol itu kurang baik coz bikin maag. trimah kasih dok"
207,2022-09-04 11:18:42,youtube,Dok saya mau tanya.kenapa saya setiap jam 9 sampai jam11 badan saya itu lemah dan sakit pinggang saya dok.saya tes gula darah bangun tidur 138 klau habis makan jarang saya tes.tolong penjelasannya dok
208,2024-03-21 02:26:27,youtube,Hey! i would love to see a DKA vs HHS video please! I am studying for my PCCN. i love watching your videos because i can actually understand the &quot;why&quot; behind things. thanks for all your time put into these videos!
209,2025-11-14 10:10:49,youtube,The GOAT. Thanks Ninja Nerd.
210,2019-03-15 11:50:33,youtube,Dr mo tanya klo ciri 2 diabet 1 &amp; 2 ketahuan bagimana terimakasih atas enjelasan nya
211,2023-01-03 14:24:04,youtube,Terimakasih banyak Dok..
212,2023-09-07 02:10:27,youtube,TIDAK BOLEH MINUM OBAT DIWAKTU SAKIT KARENA MINUM OBAT BIKIN PENYAKIT.
213,2024-11-24 08:19:59,youtube,Apakah berbahaya Dokter penyakit Diabetes Mellitus itu?
214,2024-04-21 14:59:46,youtube,"Please turn to whiteboard,this format is boring"
215,2018-01-04 12:24:41,youtube,"娜 娜 makasih atas infonya,<br>Mungkin entar sore, soale melaren tutup tahun baru"
216,2018-01-27 08:30:54,youtube,Bisa pak kalau pankreas udh normal
217,2023-11-22 16:48:55,youtube,"Dulu gaya hidup sy sehat, pas kovit semuanya berubah"
218,2019-03-11 21:43:44,youtube,We Kon yang di tanyakan jenis jenis bukan tahap terjadinya diabetes
219,2021-03-23 14:11:51,youtube,Tumben ga beritakn covid 😂😂
220,2019-03-15 14:42:20,youtube,"jika anda, teman atau saudara mengalami masalah diabetes dan ingin coba terapi stemcell skrg sdh ada nano teknologi stemcell baru dari jepang dari DNA placenta telur salmon 100% dr jepang terbukti kl mau tanya coba kontak saja ke WA 081284660701 semoga membantu kesembuhan dan memperbaiki organ pankreas krn saudara sy sdh bs sembuh dgn harga terjangkau resmi sdh ada BPOM dan HALAL"
221,2024-07-03 17:40:29,youtube,The board is so much better than this :/ Like this is more difficult to follow you
222,2023-01-18 14:36:48,youtube,Assalamualaikum...ijin dok mau bertanya gimna caranya mengatasi penurunan berat badan sy...dri 57 turun ke 49 kg...sy mengidap diabetes berjalan 1 thun ini...gula darah sy yg tertinggi smpai saat ini pernah 290...
223,2018-04-03 14:36:06,youtube,kata pak dokter yg di Malaysia ni kadar gula rendah tak payah cucuk cukup minum obat pagi same malam je
224,2020-08-14 19:50:27,youtube,Dok kadar gula darah yg normal itu berapa sih dok??? Makasih dok
225,2025-01-17 11:55:49,youtube,THANKKKKKKKKKKKKK YOUUU SO MUCH.<br><br>😇
226,2021-03-16 15:52:30,youtube,Maksudnya gimana pak
227,2024-05-02 19:57:57,youtube,Sir this method isn’t working like your previous method on white board sir please revert back to whiteboard plzzzzzzzzzz
228,2023-01-23 14:00:35,youtube,Trimakasih banyak Dokter atas penjelasannya..
229,2024-04-16 17:14:54,youtube,"Because the insuline resistance , the receptor cannot be acctivated properly and GLUT molecules cannot go into the membrane"
230,2021-03-23 14:35:28,youtube,"Saya usia 63 thn bb +- 76kg,sdh kira2 2bln badan gatal2 .&#39;apakah sy ada gejala diabetes?"
231,2024-04-30 22:25:48,youtube,Very helpful. Thank you
232,2024-07-07 23:07:23,youtube,"And, it seems counterintuitive to increase insulin during DKA to close anion gap, which could lead to low BS level, then pt needs sugar to compensate for increase in Insulin … T1D freaking sucks."
233,2025-04-12 23:38:34,youtube,Thank you! Super clear and covers all the important topics
234,2025-08-07 06:40:54,youtube,i love you bro
235,2024-03-20 04:52:58,youtube,This is an awesome video. Very helpful and understandable. I just want to say that I prefer the board videos where you explain more detailly. But you are the best ❤
236,2019-10-12 13:16:49,youtube,Makasih dok infonya👍
237,2023-03-14 12:14:55,youtube,Ibu kalau sda luka di kaki karena diabetes cara gimana supaya luka itu sembu
238,2019-11-12 00:14:10,youtube,"Alhamdulillah lewat perantara produk herbal dari china, penyakit diabetes ayah saya sembuh.<br><br>More info wa<br>085241422519"
239,2018-03-16 22:12:23,youtube,"Halo kak..<br>Saya tiwi, partner kerja Dokter Sung.. Saya bantu jawab ya..<br>Usahakan untuk tidak makan &amp; minum yg manis..<br>Biasanya dokter Sung memberikan resep Rawmeal ke pasien2 yg terkena diabetes..<br>Kl bisa makan sayur mentah. Itu memperbaiki gula darah dan apalagi kolestrol kaka"
240,2018-07-17 04:55:32,youtube,Miss YouTuber maaf numpang tanya kenapa ya tanganku sereng kesemutan ples bantu jawab
241,2018-12-10 18:38:25,youtube,"dok maaf mau tanya, kaki saya bagian telapak atas itu awalnya gatal, saya garuk2 trus luka, dia mengering tapi gk hilang2 dan wrnanya menghitam bekasnya kelihatan bgt, kdang dia sakit.. itu kira2 diabetes gk ya?? tapi cuma berbekas kaya koreng gtu, udh 3 bulan gk hilang2"
242,2019-04-10 23:33:24,youtube,"Terima kasih informasinya dok, sangat informatif"
243,2024-11-15 00:42:36,youtube,you look like a peanut from this view hehehehe
244,2025-03-29 00:30:08,youtube,Awesome <br>Thanks
245,2018-01-03 19:14:05,youtube,Makasih ya dok...penjelassanya...
246,2022-05-20 14:09:13,youtube,"<a href=""https://www.youtube.com/channel/UCZy9TN2hXbwOz1tzcMu4koA"">https://youtube.com/channel/UCZy9TN2hXbwOz1tzcMu4koA</a>, Mudah2an membantu dan menjadi inspirasi 🙏"
247,2020-02-15 14:37:58,youtube,klw kita sering minum otomatis kita sring kencing kan ??? <br>G mn dong klw gak minum juga gak baik kan .
248,2022-11-04 23:47:02,youtube,"semua makanan ada zat gulanya, baik yang alami ataupun tidak, kalau diabetes rutin minum kopi tanpa gula"
249,2022-08-13 12:19:45,youtube,inbok<br>insya allah
250,2024-06-08 16:13:49,youtube,life saver
251,2022-06-11 14:56:41,youtube,"Apa itu pangkreas dok, gula darah normal ku 200"
252,2024-05-17 02:12:22,youtube,Please do the white board.<br>Great lecture.
253,2023-08-22 23:36:09,youtube,sangat bermanfaat
254,2018-06-05 18:13:35,youtube,Makasih dok
255,2020-02-18 14:44:07,youtube,Minum air yg banyak bisa menurunkan diabetes
256,2020-05-06 06:00:35,youtube,"<a href=""https://tehdia-herbal-diabetes.business.site/?utm_source=gmb&amp;utm_medium=referral"">https://tehdia-herbal-diabetes.business.site/?utm_source=gmb&amp;utm_medium=referral</a> <br>TEHDIA merupakan ramuan eksklusif teh terbaik dan daun stevia yang mengandung senyawa stevosida. Steviosida merupakan bahan pemanis alami yang tidak berkalori dan dapat mengendalikan kadar gula darah (hipoglikemik). Mekanisme steviosida mengendalikan kadar gula darah adalah sebagai berikut: dalam tubuh steviosida akan mengalami hidrolisis di usus halus menjadi steviolbiosida yang dengan segera akan diubah menjadi steviol. Steviol ini yang akan meningkatkan aktivitas insulin di dalam tubuh sehingga kadar gula dalam darah akan menurun, sehingga stevia berpotensi untuk antidiabetes dan dapat mencegah penyakit Diabetes Melitus. <br> <br>Daun stevia memiliki rasa manis sekitar 200 hingga 300 kali gula biasa, namun memiliki <br>nol kalori, sehingga daun stevia dapat digunakan sebagai gula pengganti alami (natural sweetener) yang lebih sehat dan tidak menyebabkan kenaikan gula darah, bahkan membantu mengendalikan kadar gula darah. TEHDIA menjadi satu-satunya teh manis alami yang diseduh tanpa mengunakan penambahan gula, sangat baik dinikmati oleh siapapun tanpa takut diabetes. <br> <br>TEHDIA: Teh Manis Alami tanpa Takut Diabetes, merupakan minuman teh fungsional (nutrasetikal) yang mempunyai khasiat untuk membantu mengendalikan kadar gula darah, teh ini merupakan produk riset Fakultas Farmasi Unpad dan telah menerima sertifikasi dari LPPOM MUI sebagai produk halal. <br> <br>Assalamu’alaikum saya Tovik Saleh <br>Yang di Bandung dan Daerah di Indonesia yang mau jadi reseller atau untuk konsumsi sendiri <br>085721204494 (Chatt Wa Online di PC) <br>Terima Kasih <br>Wassalamu’alaikum Wr. Wb."
257,2025-06-19 01:59:53,youtube,I loved each minute of the lecture. Thank you for simplifying major concepts
258,2019-06-17 21:30:37,youtube,Termksh doctor information nya sbb suami saya gula darahnya tinggi
259,2024-04-30 21:27:24,youtube,"Please be appreciative for the time, effort and costs of a thoughtful and generous teaching presentation."
260,2024-04-10 21:57:07,youtube,Nggak selalu.<br>Makanya cek gula darah nya
261,2019-01-13 16:41:49,youtube,pernah sakit maag gak?
262,2019-02-28 09:10:58,youtube,makan banyak sayuran.... pastikan setiap makan ada sayur..... sayur yang kita makan akan memastikan setiap karbohidrat yang dimakan walaupun berlebih tidak akan menjadi diabetes.... <br><br><br>kalau tidak makan sayur bisa dipastikan bahwa satu saat anda akan mengidap penyakit diabetes dan saya juga
263,2019-03-30 10:24:08,youtube,"betul , bisa dipastikan"
264,2024-10-12 19:50:50,youtube,we need you to be standing up and explain it on a white board with your diagrams
265,2023-02-13 19:09:15,youtube,Yang pikiran bang .
266,2023-04-02 19:11:52,youtube,1. Apa penyebab diabetes melitus sebenarnya?<br>2. Apa penyebab diabetes melitus kering atau basah?
267,2023-05-30 21:12:38,youtube,"😂TKS , saya sering gatal2 . Semoga bukan diabetes , saya akan giat ber olah raga . Mulai esok , berat badan saya lebih dari normal . Dari ibu Yanti E Sumalgo , Ambon ."
268,2018-05-29 13:37:32,youtube,Kalo diabetes tipe 1 itu dari pola makan kah?
269,2023-01-19 06:28:12,youtube,"Dokter sy tiba-tiba naik gula darah, ada dua jari telunjuk gk bs di lipat (mengengam ) apa yg hrs sy lakukan Dokter sy betul kaget sedih tlg solusinya trimakasih"
270,2019-10-02 10:10:51,youtube,"Gak papa Klo ketemu pacar manis, Dokternya receh🤣"
271,2025-07-03 00:10:00,youtube,Thank you Zach. I have read these topics severally wasn&#39;t sticking and didn&#39;t get this level of flexibility with my understanding of them
272,2021-03-22 20:10:38,youtube,"diabetes melitus penyakit degeneratif, jd bukan muncul tiba2. maka bisa dicegah melalui gaya hidup yg baik dan benar, dan sekarang bisa &quot;menyerang&quot; usia muda loh"
273,2026-03-16 14:50:06,youtube,"Loved this lecture, was so cleaaan!"
274,2019-08-06 13:28:50,youtube,"siang dokter,,,,kemarin saya medical,,,,tp hasilnya glukosa 3+ apakah benar saya sudah terkena diabetes yg sudah parah,, trima kasih 🙏🙏🙏"
275,2022-10-18 09:57:40,youtube,@Flower_Road5 jika Allah berkehendak bisa apa
276,2023-01-16 07:11:14,youtube,Gula darah acak ( TDK puasa ) harus dibawah 140<br>Gula darah puasa di bawah 100
277,2025-03-01 03:43:15,youtube,thank you sooooo much!
278,2018-08-04 14:55:04,youtube,"Thanks doctor, moga bermanfaat"
279,2018-01-04 10:06:28,youtube,Pembahasan ini yg sy tunggu...thx
280,2018-10-21 05:15:37,youtube,Klw aq ktmu cewek manis takut kna DIABET doc xixixixi
281,2021-03-22 19:54:29,youtube,Bagaimana cara menormalkan gula darah atau pancreas yg baik ? Sayapernah lihat iklan nama Obat gula yg normalkan pancreas yaitu. Obat herbal namanya . MASAKI. Mohon infonya saya rencana beli !
282,2018-01-12 11:18:25,youtube,"Dok mau tanya, kalau patofisiologi dari DM ke CKD sendiri itu jelasnya seperti apa ya? Apakah dapat disimpulkan, konsistensi darah pada penderita dm menjadi kental seperti air yg diberi gula? Dan apakah kapiler glomerulus mengalami kerusakan karena darah pasien dm yg kental itu atau bagaimana ya? Mohon jawabannya. Terimakasih sebelumnya"
283,2018-01-04 02:46:07,youtube,slm dok ya dok benar itu
284,2019-08-16 08:33:39,youtube,Kenapa ada aja jokes ini wkwkl
285,2022-01-30 08:01:07,youtube,Klo ada keluhan diabetes coba WA aku bun... Aku ada solusinya
286,2019-12-23 09:02:55,youtube,"Dok kalo sari tebu, apa bisa menyrbabkan diabetes"
287,2018-01-03 18:33:05,youtube,"mksh dok..atas ilmuny,, bagi link ny dok..sya mau"
288,2024-05-24 14:16:04,youtube,You lectures are directly going into the brain when you are explaining on whiteboard with your brilliant hands. So please keep up on whiteboard
289,2019-08-23 14:00:46,youtube,Dok apa benar jika kurang tidur bisa menimbulkan gejala seperti diabetes?
290,2020-02-12 17:34:01,youtube,Terimakasih atas penjelasan dr Sung sangat berguna banget buatkami
291,2021-05-05 17:26:21,youtube,Saya tidak haus tidak lapar tpi kna gula darah
292,2022-11-01 19:45:08,youtube,"dok, jempol dan jari jari kaki saya selalu seperti ditusukk tusuk jarum dan telapak kaki saya panas. dan sudah berlangsung berbulan bulan. itu penyakit apa ya? asam urat, rematik atau gula darah? obatnya apa? thanks dok."
293,2023-10-29 18:26:06,youtube,"Trmksh dok penjelasanya ,,saya umur 55sering gatal gatal d seluruh tubuh ,,"
294,2024-10-02 06:27:50,youtube,Pagi dok.sya suda 4 thn sya kna diabetes 3 bln lalu sya drawat seblum drawat sya tdk perna sesak minggy sya pulang ko sya jadi sedak knpa yadok trmkasi
295,2026-01-02 03:26:43,youtube,Please revert back to white board and markers
296,2020-04-29 06:53:09,youtube,"<a href=""https://www.youtube.com/watch?v=6pl2m78Hmm0"">https://youtu.be/6pl2m78Hmm0</a>"
297,2026-01-22 22:12:13,youtube,So thankful
298,2019-07-11 16:41:48,youtube,"Sekitar 2 bulan yang lalu saya punya keluarga yang menderita diabetes. Beliau mengalami luka dibagian kaki dan tak kunjung sembuh, sampai akhirnya beliau dibawa ke Rumah sakit. Tetapi sekitar 1 bulan lebih tidak ada perkembangan sama sekali dan lukanya bertambah parah. Dokter menyarankan untuk amputasi saja supaya lukanya tidak menjalar kemana-mana, pihak keluarga keberatan untuk dilakukan amputasi dan meminta untuk pulang ke rumah. Disitulah saya menyarankan untuk mencoba konsumsi produk tiens : shutang, calsium, diacont, dan chitin chitosan kurang lebih 20 hari luka yang tadinya membusuk mulai membaik. Satu bulan kemudian lukanya benar-benar sembuh total dan beliau sudah bisa jalan lagi sekarang. Produk tiens memang luar biasa dahsyat. Karena telah terbukti khasiatnya. Jadi saya disini berbagi info untuk anda yang mempunyai keluhan diabetes.. Untuk info lebih lengkap tentang produk at dmna dpt membelinya bisa hub 085298902358 ......"
299,2018-01-28 09:09:25,youtube,"Gpp makan nasi tp ganti sm nasi merah, perbanyak makan sayuran hijau, tiap bangun tidur minum air hangat lgsg olah raga, makan setiap 6jam, kalau sarapan pagi jam 6 berarti makan siang jam 12, makan sore jam 18.00,.berhenti ngemil, mengunyah makanan hrs lembut 32x biar pencernaan g bekerja extra"
