year_month,avg_sentiment,sentiment_std,post_count
2016-11,-0.06334059887235816,0.10704431845769763,60
2016-12,-0.07132750357673283,0.07710051104787288,42
2017-01,-0.07169762726647513,0.06969731816731192,70
2017-02,-0.08055544492810272,0.0785764119557099,43
2017-03,-0.09161062437016913,0.069444680399759,47
2017-04,-0.06253394837472953,0.08104295627312959,51
2017-05,-0.07979383799724091,0.12737905413215672,39
2017-06,-0.09160309489113944,0.07120108633627509,35
2017-07,-0.10196826836869524,0.09010892157369174,37
2017-08,-0.07743516133709957,0.1382544320560922,38
2017-09,-0.07137308438618979,0.07024973066455299,42
2017-10,-0.08970512983322143,0.06993665595169221,50
2017-11,-0.07183710371077061,0.0962306414403257,160
2017-12,-0.08680431478734603,0.07478424031129662,57
2018-01,-0.04850785088212837,0.12447823141340074,119
2018-02,-0.05648674453344101,0.0994498975346433,39
2018-03,-0.06434666557277738,0.12044554505488617,53
2018-04,-0.0333463586807251,0.11331176668034823,63
2018-05,-0.07065416841996022,0.10881277623252165,39
2018-06,-0.07217103328023639,0.13822083940124041,42
2018-07,-0.05102401195844015,0.13888302212494333,60
2018-08,-0.07670195793655683,0.0940033356891675,53
2018-09,-0.06300525048573812,0.1392031908392771,57
2018-10,-0.030237015756842213,0.11767614752574447,73
2018-11,-0.052813167291185875,0.09404730752794882,107
2018-12,-0.07731937986448699,0.12381075774469134,51
2019-01,-0.07547391635315329,0.0862628825779324,79
2019-02,-0.06191272541699988,0.1237737961142055,48
2019-03,-0.04325071989817497,0.11314120830151592,78
2019-04,-0.06617574935016862,0.0888831281309162,83
2019-05,-0.07586992072963715,0.12791588245758087,100
2019-06,-0.05534220936230251,0.1458160841842348,70
2019-07,-0.038655044513760194,0.13057730747302465,66
2019-08,-0.037936315252564176,0.15535059642479815,84
2019-09,-0.02173565881703352,0.0961188896174516,74
2019-10,-0.08649793934932974,0.12509426238090743,86
2019-11,-0.05445530575665239,0.1342637427668545,154
2019-12,-0.06931051441586536,0.1492990613457883,92
2020-01,-0.04409171098705863,0.14114115657279086,84
2020-02,-0.044234697523202984,0.17409537790923552,111
2020-03,-0.06708221640162444,0.13743454511770675,191
2020-04,-0.06740552214043358,0.13529004244463808,125
2020-05,-0.07210266508936626,0.14084619705545146,127
2020-06,-0.03857623510168056,0.13360926390108357,99
2020-07,-0.014492128380584718,0.1469020394368903,125
2020-08,-0.056435963624744324,0.16744069109288467,114
2020-09,-0.06341844468483558,0.13379473853954565,117
2020-10,-0.06522206412009823,0.09424893070749002,103
2020-11,-0.0532216274386249,0.11170077737530747,148
2020-12,-0.058432455621682054,0.12175573379338672,79
2021-01,-0.05222685635867604,0.12761090491174185,85
2021-02,-0.050187452505757575,0.12275447752803884,72
2021-03,-0.04023718272239443,0.1295625076757447,126
2021-04,-0.04766798140310472,0.12107212900192899,93
2021-05,-0.06748749326528648,0.152225994097086,104
2021-06,-0.038130567846320455,0.13241311182572396,143
2021-07,-0.060780763430183314,0.13409530670254904,135
2021-08,-0.04374202164764932,0.1429842463181236,92
2021-09,-0.06062310306273009,0.12339446504361817,76
2021-10,-0.07853308720501986,0.12841926321835345,55
2021-11,-0.05009144686791205,0.11909734211279908,155
2021-12,-0.06154212468486418,0.12100333224323764,68
2022-01,-0.04338761516350967,0.1548668738113089,78
2022-02,-0.05117311049498521,0.10660609839443402,77
2022-03,-0.05709002417288169,0.08294582797328993,86
2022-04,-0.037831812443808906,0.09043137804772661,63
2022-05,-0.06355629892633922,0.12341422895115307,67
2022-06,-0.08134718736117003,0.11226085906259198,61
2022-07,-0.031205761093502957,0.14617245734612497,75
2022-08,-0.0732601695231029,0.1185218020547455,84
2022-09,-0.05580673089725215,0.1167480195206557,164
2022-10,-0.03903875764823822,0.09211859218626793,83
2022-11,-0.053072268622168184,0.11657730837025394,145
2022-12,-0.06587817029182358,0.13878526241242667,72
2023-01,-0.05375984288600453,0.11563833070491412,114
2023-02,-0.05823770928715731,0.07680781127953754,112
2023-03,-0.058107392063319135,0.10587247041914981,107
2023-04,-0.06372629714148385,0.08668184092420114,85
2023-05,-0.07832522136350221,0.13005183609241128,79
2023-06,-0.05217027624881629,0.09283506192836376,99
2023-07,-0.04554712978959084,0.14599880799595244,80
2023-08,-0.050960671322888666,0.12259003879909282,101
2023-09,-0.07215858035430495,0.10646195804715691,67
2023-10,-0.05387311078697057,0.1134104969702226,84
2023-11,-0.05336954657361114,0.14197359125575623,121
2023-12,-0.048609928575091894,0.13178903069043657,90
2024-01,-0.06480987124562003,0.10573081656220129,67
2024-02,-0.06905272788196676,0.14035962455492887,79
2024-03,0.0029299396797674735,0.20368423734006785,119
2024-04,-0.027132847321188296,0.1654392995786931,140
2024-05,-0.019484748972616157,0.19858317966790096,150
2024-06,0.012216496145704728,0.18092637834892838,83
2024-07,-0.02282539452248376,0.16050123838427569,95
2024-08,-0.039164779764986224,0.137114445117364,142
2024-09,-0.04813543741111048,0.15042771600809643,129
2024-10,-0.023295003281865196,0.17361250467187223,197
2024-11,-0.030505549065651193,0.15560138687171235,141
2024-12,-0.03746700513262327,0.16448941614038165,120
2025-01,-0.020206272785550077,0.16358752980155436,105
2025-02,0.010207136589163576,0.22048944410783103,93
2025-03,0.026644363252557632,0.2083751491254425,95
2025-04,-0.0281896045853939,0.177153711321583,87
2025-05,-0.0201802996609309,0.1594968342266534,73
2025-06,-0.04839314167275388,0.13353061099522734,78
2025-07,-0.0005520292418974451,0.2180127948016778,72
2025-08,-0.05542738592274049,0.14748326876518894,136
2025-09,-0.024328194952011113,0.14094379740858917,56
2025-10,-0.05369628180367606,0.13507207334369484,105
2025-11,-0.022995012407179004,0.17391149688533683,99
2025-12,-0.06146261160699607,0.1655155542072353,45
2026-01,-0.01897361289842994,0.16717055522017965,113
2026-02,-0.024462732729700735,0.1805202716416134,582
2026-03,-0.054622772129268034,0.12803183726224454,226
2026-04,-0.04245649943964212,0.1296649983188171,176
2026-05,-0.054584090216780554,0.11618111766098194,191
2026-06,-0.03229229236318694,0.13815908981650668,352
