post_url,username,date,comment
https://www.threads.com/@christianwijay/post/DILvF-3JpFL?xmt=AQG0FeDDdBUZGK3Bi9KCUDrnrioom0JJMTNbx8vEchUVTg,christianwijay,2025-04-08,"Haii warga wargi thread, ada yg berjuang dengan diabetes? Sini yukk ngumpul, sy juga pejuang diabetes. GD sy selalu d atas dan harus bergantung dgn obat, kl uda pake obatpun GD sy masih . bulan lalu BB sy - , HbA C sy bulan lalu % normal kl d bawah %. Kl k dokter (biasa sy puskesmas) selalu diingatkan obat harus diminum seumur hidup. Wah ini bener bwt sy kuatir. Well, sy yakin ini bisa sembuh dan tidak bergantung obat lagi. Kondisi sy sekarang? Next"
https://www.threads.com/@christianwijay/post/DILvF-3JpFL?xmt=AQG0FeDDdBUZGK3Bi9KCUDrnrioom0JJMTNbx8vEchUVTg,christianwijay,2025-04-08,"Ok ini kondisi saya sesudah bulan : . Bb sy kg (turun kg) . GD sy puasa (normal) . Sy sdh lepas obat (wah bersyukur bgt, bahagianya melebihi apapun) . HbA C sy, maaf blm update, krn blm waktunya, akan sy update kemudian hari. Ok trus apa strategi bulan ini yg sy lakukan? Next"
https://www.threads.com/@christianwijay/post/DILvF-3JpFL?xmt=AQG0FeDDdBUZGK3Bi9KCUDrnrioom0JJMTNbx8vEchUVTg,christianwijay,2025-04-08,". Sy tidak makan nasi, mie, roti dan gula (ganti stevia) . % makan protein (ayam, sapi, ikan, telur) . % buah (cek indeks glikemiknya), singkong, beras porang . Defisit kalori (pake aplikasi fat secret bwt hitung) tiap hari dbawah kalori . Olahraga rutin min hari sekali, jenis olahrga : workout bodyweigth (youtube) angkat beban, lari, jalan kaki. . Tidur harus cukup min jam sehari. . Intermitten fasting jam. (Penting bgt) Yg punya masalah sama yuk sharing dong. Makasih"
https://www.threads.com/@christianwijay/post/DILvF-3JpFL?xmt=AQG0FeDDdBUZGK3Bi9KCUDrnrioom0JJMTNbx8vEchUVTg,irene_a93,2025-04-08,"nahh tuh kann DM sbnrnyaa masalah pola makan ajaa. Tapi herannya dokter disini kalo ngasi pola makan kayak takut ngebuang karbo...suru ganti nasi sama nasi merah 🤣. Snack disuru singkong ktnya lebih sehat. Sama jgn skip obat yaampuunn. Kenapa ga suru pola diet keto + IF aja sekalian, auto sembuh gausa minum obat lg"
https://www.threads.com/@christianwijay/post/DILvF-3JpFL?xmt=AQG0FeDDdBUZGK3Bi9KCUDrnrioom0JJMTNbx8vEchUVTg,irene_a93,2025-04-08,"btw kalo uda atur makanan yg ga karbo ga gula, menurut saya ga perlu defisit kalori sih hahaha. Itu perut dan hipotalamus udh alarmnya jalan...masi butu nutrisi ya dia laper, udh cukup ya uda kenyang. Soalnya saya perna praktekin pas diet low carb, bisa turun ke bb jaman saya SMP tanpa hitung an kalori nimbang makanan."
https://www.threads.com/@christianwijay/post/DILvF-3JpFL?xmt=AQG0FeDDdBUZGK3Bi9KCUDrnrioom0JJMTNbx8vEchUVTg,rudykwang83,2025-04-08,Sampai saat ini setahu saya diabetes tidak dapat disembuhkan. Jika pemeriksaan gula darah rutin anda normal itu artinya gula darah anda terkontrol tapi bukan berarti sembuh dari diabetes. Saran saya cari dokter/ahli gizi untuk menentukan nutrisi harian yang sesuai untuk DM. Asupan di bawah cal/hari itu tidak sustainable jangka panjang dan justru tidak baik apalagi jika anda berolahraga. Proses recovery membutuhkan protein dan calorie harian di maintenance.
https://www.threads.com/@christianwijay/post/DILvF-3JpFL?xmt=AQG0FeDDdBUZGK3Bi9KCUDrnrioom0JJMTNbx8vEchUVTg,czcerita,2025-04-08,"Betul👍 Jaga HbA c < , % bisa banget dilakukan tanpa obat an. Semangat ya👍"
https://www.threads.com/@christianwijay/post/DILvF-3JpFL?xmt=AQG0FeDDdBUZGK3Bi9KCUDrnrioom0JJMTNbx8vEchUVTg,christianwijay,2025-04-08,Wah menguatkan. Terima kasih bgt.
https://www.threads.com/@christianwijay/post/DILvF-3JpFL?xmt=AQG0FeDDdBUZGK3Bi9KCUDrnrioom0JJMTNbx8vEchUVTg,kstubun3f11,2025-04-08,perlu jg di periksa kadar insulin dlm darah dan resistansi cell tubuh pd insulin untuk memastikan masalah dr pankreas atau insulin reseptor pd cell
https://www.threads.com/@christianwijay/post/DILvF-3JpFL?xmt=AQG0FeDDdBUZGK3Bi9KCUDrnrioom0JJMTNbx8vEchUVTg,christianwijay,2025-04-08,Nah ni tes nya apa ya ? Krn memang kunci diabetes d bag ini nih.
https://www.threads.com/@christianwijay/post/DILvF-3JpFL?xmt=AQG0FeDDdBUZGK3Bi9KCUDrnrioom0JJMTNbx8vEchUVTg,kstubun3f11,2025-04-09,dgn LPIR test di prodia atau lainnya
https://www.threads.com/@christianwijay/post/DILvF-3JpFL?xmt=AQG0FeDDdBUZGK3Bi9KCUDrnrioom0JJMTNbx8vEchUVTg,christianwijay,2025-04-09,Oh baik. Thx
https://www.threads.com/@christianwijay/post/DILvF-3JpFL?xmt=AQG0FeDDdBUZGK3Bi9KCUDrnrioom0JJMTNbx8vEchUVTg,krisnaadipradana,2025-04-08,"Om jangan lepas kontrol dokter. Dan jangan konsumsi gula buatan karena malah lebih berbahaya. Minum manis sehari kali aja. Saya pengen omnya tetap sehat, saya kehilangan orang kerabat karena diabetes dan tidak terkontrol dengan baik. Sehat selalu ya om."
https://www.threads.com/@christianwijay/post/DILvF-3JpFL?xmt=AQG0FeDDdBUZGK3Bi9KCUDrnrioom0JJMTNbx8vEchUVTg,christianwijay,2025-04-08,Makasih doanya. Sy juga ngeri bgt sm ini penyakit. Keluarga sy jg ada yg meninggal krn ini.
https://www.threads.com/@christianwijay/post/DILvF-3JpFL?xmt=AQG0FeDDdBUZGK3Bi9KCUDrnrioom0JJMTNbx8vEchUVTg,adolfitz,2025-04-09,"Miskonsepsi tentang ""sembuh"". Diabetes itu ketidakmampuan tubuh dalam menurunkan gula dalam darah. Ini kata kunci utamanya. Kalau asupan gula nya sedikit ya normalnya jga gula dalam darah akan sedikit, sehingganya ketidakmampuan insulin bisa diredam dengan gula yg memang sudah rendah dari sononya. Bagi yg bisa mengontrol sih bagus saja. Cuma bagi yg tidak bisa mengontrol itu terapi obat an jadi satu nya jalan"
https://www.threads.com/@christianwijay/post/DILvF-3JpFL?xmt=AQG0FeDDdBUZGK3Bi9KCUDrnrioom0JJMTNbx8vEchUVTg,novena_mg,2025-04-08,Sama dg yg di lakukan paksu kak.. tambahan: kalau makan sayur dulu baru protein baru nasi ( - sendok) jadi lonjakan gula darahnya tdk terlalu tinggi.
https://www.threads.com/@christianwijay/post/DILvF-3JpFL?xmt=AQG0FeDDdBUZGK3Bi9KCUDrnrioom0JJMTNbx8vEchUVTg,n_yogi.p,2025-04-09,"setau sya diabetes tidak bisa sembuh, cuma penderita bisa mengontrol gd agar normal, dgn cara menjaga pola makan dan olahraga / istirahat teratur"
https://www.threads.com/@christianwijay/post/DILvF-3JpFL?xmt=AQG0FeDDdBUZGK3Bi9KCUDrnrioom0JJMTNbx8vEchUVTg,moses_k.s,2025-04-08,"Bisa lepas obat iya, bisa sembuh... ya sulit ngomongnya tergantung kondisi. Yg jelas mekanisme pengaturan gula sudah bermasalah."
https://www.threads.com/@christianwijay/post/DILvF-3JpFL?xmt=AQG0FeDDdBUZGK3Bi9KCUDrnrioom0JJMTNbx8vEchUVTg,dbkurniawan,2025-04-09,Selama pankreas masi belom rusak harusnya masi bisa sembuh. Puasa dan mengurangi karbo akan melatih pankreas supaya peka lagi..
https://www.threads.com/@christianwijay/post/DILvF-3JpFL?xmt=AQG0FeDDdBUZGK3Bi9KCUDrnrioom0JJMTNbx8vEchUVTg,christianwijay,2025-04-09,Tantangan berat ini.
https://www.threads.com/@christianwijay/post/DILvF-3JpFL?xmt=AQG0FeDDdBUZGK3Bi9KCUDrnrioom0JJMTNbx8vEchUVTg,iyan_darmawan2012,2025-04-08,Sudah jogging menit setiap pagi dan tidak makan malam?
https://www.threads.com/@christianwijay/post/DILvF-3JpFL?xmt=AQG0FeDDdBUZGK3Bi9KCUDrnrioom0JJMTNbx8vEchUVTg,christianwijay,2025-04-08,Jendela makan saya mulai dr jam siang sampai malam kak. Biasa d jam itu sy bagi sesi makan plus snack. Olahraga pagi menit wktu libur kemarin.
https://www.threads.com/@christianwijay/post/DILvF-3JpFL?xmt=AQG0FeDDdBUZGK3Bi9KCUDrnrioom0JJMTNbx8vEchUVTg,jorie.graham,,h I understand that my messages about Israel/Palestine are all being blocked or deleted here. I actually don't mind because the response from other users is so abusive it's not worth trying to communicate. But it is strange that my entire feed has been deleted. No big loss. I'm not that committed to it.
https://www.threads.com/@christianwijay/post/DILvF-3JpFL?xmt=AQG0FeDDdBUZGK3Bi9KCUDrnrioom0JJMTNbx8vEchUVTg,phucaname,,Threads h Squuuaaddd! Wassup with y'all? It's finally Friday!
https://www.threads.com/@christianwijay/post/DILvF-3JpFL?xmt=AQG0FeDDdBUZGK3Bi9KCUDrnrioom0JJMTNbx8vEchUVTg,mackenzieheflin_,,"h What IF & hear me out.. You stopped laying in bed at night asking yourself “what’s keep my buyers up at night? What problem do they need solved so bad, they’d do anything to fix it?” And just focused on the transformation you’re solving. What results are they going to walk away with?? Because TRUTHFULLY my biggest regret in the + year I spent writing into the void was saying “they’re not buying, which means I don’t actually know my people….” And in reality? I just didn’t trust the outcome."
https://www.threads.com/@christianwijay/post/DILvF-3JpFL?xmt=AQG0FeDDdBUZGK3Bi9KCUDrnrioom0JJMTNbx8vEchUVTg,samanthayoung.me,,"h If running your business under capitalism feels heavy, isolating, and like it all rests on your shoulders, you might be exactly who The Mycelial Network is for. You do not want to quit. You do not want “just hire people” to be the only answer. You want to be in community with other money misfits, black sheep, neurodivergent and spiritual business owners who get it. Come join us."
https://www.threads.com/@christianwijay/post/DILvF-3JpFL?xmt=AQG0FeDDdBUZGK3Bi9KCUDrnrioom0JJMTNbx8vEchUVTg,secretusliber,,"h Dear algo give me queer women, horror movie nerds and board gamers who love theme parks and s music"
https://www.threads.com/@christianwijay/post/DILvF-3JpFL?xmt=AQG0FeDDdBUZGK3Bi9KCUDrnrioom0JJMTNbx8vEchUVTg,How we use these cookies,,
https://www.threads.com/@doktercamo/post/DX5Pra7EzJp?xmt=AQG0FeDDdBUZGK3Bi9KCUDrnrioom0JJMTNbx8vEchUVTg,doktercamo,2026-05-03,"“Sejak Diabetes, saya stop nasi & tepung, treadmill jam tiap hari.” Tapi hasilnya? ⚠️ Gula darah > mg/dL 🏥 Masuk IGD, tidak sadar 🫁 Sesak nafas Kenapa bisa begitu? Ayo kita bahas ➡️"
https://www.threads.com/@doktercamo/post/DX5Pra7EzJp?xmt=AQG0FeDDdBUZGK3Bi9KCUDrnrioom0JJMTNbx8vEchUVTg,andreaslimongan,2026-05-04,Karena tidak dibarengi latihan angkat beban dan asupan tinggi protein. Latihan kardio doank tidak bikin gula darah turun.
https://www.threads.com/@doktercamo/post/DX5Pra7EzJp?xmt=AQG0FeDDdBUZGK3Bi9KCUDrnrioom0JJMTNbx8vEchUVTg,krisss5__,2026-05-04,"Betul itu. Dikira aktivitas Aerobic sudah cukup, padahal belum. Perlu aktivitas Anaerobic juga seperti latihan beban"
https://www.threads.com/@doktercamo/post/DX5Pra7EzJp?xmt=AQG0FeDDdBUZGK3Bi9KCUDrnrioom0JJMTNbx8vEchUVTg,nunik_8915,2026-05-04,Penjelasan nya gak keliatan dok. Ulang buat utas baru aja dok.
https://www.threads.com/@doktercamo/post/DX5Pra7EzJp?xmt=AQG0FeDDdBUZGK3Bi9KCUDrnrioom0JJMTNbx8vEchUVTg,dabozky13,2026-05-04,"Saya cuma minum obat bulan, udah nya tidak pernah minum obat lagi. Hba normal selalu tiap bulan, intermitent fasting berat turun - kg. Jalan kaki lebih dari rb langkah tiap hari. Tidur dipaksain jam. Minum daun kelor malahan berapa bulan lalu drop gula darah"
https://www.threads.com/@doktercamo/post/DX5Pra7EzJp?xmt=AQG0FeDDdBUZGK3Bi9KCUDrnrioom0JJMTNbx8vEchUVTg,muhammad.okky.aditya,2026-05-04,"Saya HBA C .. Insulin obat udah kumplit, lalu ketemu dokter yang suruh latihan beban dan kardio, utk makan nasi sayur lauk bebas.. Alhamdulillah HBA C dalam waktu bukan turun ke dan lepas obat serta insulin Semoga istiqomah"
https://www.threads.com/@doktercamo/post/DX5Pra7EzJp?xmt=AQG0FeDDdBUZGK3Bi9KCUDrnrioom0JJMTNbx8vEchUVTg,sahirathalib,2026-05-04,kak emg bisa ya lepas obat kalo udh ekena diabetess/insulin gitu?
https://www.threads.com/@doktercamo/post/DX5Pra7EzJp?xmt=AQG0FeDDdBUZGK3Bi9KCUDrnrioom0JJMTNbx8vEchUVTg,rethaaretha678,2026-05-04,"Bisa, dgn mengubah gaya hidup dan pola makan/minum"
https://www.threads.com/@doktercamo/post/DX5Pra7EzJp?xmt=AQG0FeDDdBUZGK3Bi9KCUDrnrioom0JJMTNbx8vEchUVTg,hidayatthen8,2026-05-04,"Saya sejak di Amerika gula darah baru bisa terkontrol, diberi resep obat utk setahun/ bulan sekali ambil obatnya,kerja jam/hari berdiri/jalan hari/minggu makan nasi hanya kadang-kadang lebih sering oatmeal,ketika di Indonesia gula darah saya tidak terkontrol"
https://www.threads.com/@doktercamo/post/DX5Pra7EzJp?xmt=AQG0FeDDdBUZGK3Bi9KCUDrnrioom0JJMTNbx8vEchUVTg,dr.matthew_christopher,2026-05-04,"Hyperglicdmia ec susp DKA pasti ini, diabetic ketoacidosis kwkwkwkwk loading Fluid NS L/ jam ----> tpm Novorapid iu SC check jam nilai GCS, kalo dibawah saran intubazi target GDS check CBC, ur, cr, electrolyte, AGD kalo kalium aman bisa drip - iu/kgbn/jam atau biasanya iu/jam dr guideline kasih K kalo kalium dibawah atau normal - meq dalam NS pertahankan kalium dj - , kalo kalium diatas dichwck tiap jam kasih bicnat mmol"
https://www.threads.com/@doktercamo/post/DX5Pra7EzJp?xmt=AQG0FeDDdBUZGK3Bi9KCUDrnrioom0JJMTNbx8vEchUVTg,dr.matthew_christopher,2026-05-04,"harus rawat HCU,"
https://www.threads.com/@doktercamo/post/DX5Pra7EzJp?xmt=AQG0FeDDdBUZGK3Bi9KCUDrnrioom0JJMTNbx8vEchUVTg,denspriadi123,2026-05-04,"Puasa dokkk, makan cukup sekali ajaa bila usia lebih dari +. Makan sekali kenyang, energi yg dihasilkan bisa buat hari. Trus kurangi asupan karbohidrat, gula dan buah, perbanyak makan sayuran, protein dan lemak. Obat an cuma buat jangka pendek, gak bagus buat jangka panjangnya."
https://www.threads.com/@doktercamo/post/DX5Pra7EzJp?xmt=AQG0FeDDdBUZGK3Bi9KCUDrnrioom0JJMTNbx8vEchUVTg,renny.rekinaa,,"d Solusinya paling mujarab adalah latihan angkat beban, itu manjur banget turunin gula darah, ga boong aku sampai skrng nge gym minimal seminggu kali, minum susu khusus diabetes juga untuk stabilin gula darahku, tiap hari wajib makan telur rebus, ikan, dll yang tinggi protein"
https://www.threads.com/@doktercamo/post/DX5Pra7EzJp?xmt=AQG0FeDDdBUZGK3Bi9KCUDrnrioom0JJMTNbx8vEchUVTg,ka_rina800,2026-05-03,jam?? Tiap hari.?...
https://www.threads.com/@doktercamo/post/DX5Pra7EzJp?xmt=AQG0FeDDdBUZGK3Bi9KCUDrnrioom0JJMTNbx8vEchUVTg,mimiitul,2026-05-04,minggu lalu tanpa gejala tes hba c krn mau cabut gigi. Hasil yg keluar hba c dan eAG minggu dpt metformin mg n glimepiride mg stlh gda . Seminggu kyk mayat hidup ga selera makan. periksa ke spesialis PD gda minggu ini masih glime dan galvus mg. Gd bangun tidur . jam stlh makan . Keluhan saya selalu lapar smp keringetan di jam antara makan berqt. Di jam dan jam
https://www.threads.com/@doktercamo/post/DX5Pra7EzJp?xmt=AQG0FeDDdBUZGK3Bi9KCUDrnrioom0JJMTNbx8vEchUVTg,sophiacatarinawidjaja,2026-05-04,"Klu hba c uda segitu , ga bisa cuma pake obat aja sih . Harus gerak juga. Cardio is the best . Tapi klu pusing yah coba konsul ke dokter gizi kak Mi."
https://www.threads.com/@doktercamo/post/DX5Pra7EzJp?xmt=AQG0FeDDdBUZGK3Bi9KCUDrnrioom0JJMTNbx8vEchUVTg,vio_letsilver,2026-05-04,Penjelasannya dimana ya? Aku cariin gak ketemu
https://www.threads.com/@doktercamo/post/DX5Pra7EzJp?xmt=AQG0FeDDdBUZGK3Bi9KCUDrnrioom0JJMTNbx8vEchUVTg,al_bulus,2026-05-04,Lha ini pembahasannya mana? Malah ngebahas pertanyaannya orang 🤣
https://www.threads.com/@doktercamo/post/DX5Pra7EzJp?xmt=AQG0FeDDdBUZGK3Bi9KCUDrnrioom0JJMTNbx8vEchUVTg,benbali__,2026-05-04,"hba c , rutin cek setahun x IF dan minum cuka apel pagi bangun todur dan mau tidur"
https://www.threads.com/@doktercamo/post/DX5Pra7EzJp?xmt=AQG0FeDDdBUZGK3Bi9KCUDrnrioom0JJMTNbx8vEchUVTg,rafafndi,2026-05-04,Penjelasannya mana dok di reply gk ada?
https://www.threads.com/@doktercamo/post/DX5Pra7EzJp?xmt=AQG0FeDDdBUZGK3Bi9KCUDrnrioom0JJMTNbx8vEchUVTg,doktercamo,2026-05-04,Aneh juga padahal dipin
https://www.threads.com/@doktercamo/post/DX5Pra7EzJp?xmt=AQG0FeDDdBUZGK3Bi9KCUDrnrioom0JJMTNbx8vEchUVTg,iamyulifi,2026-05-04,"Pak dokter, kenapa GD puasa sy klu pagi lebih tinggi dari pada GD sewaktu, GD puasa , GD sewaktu ."
https://www.threads.com/@doktercamo/post/DX5Pra7EzJp?xmt=AQG0FeDDdBUZGK3Bi9KCUDrnrioom0JJMTNbx8vEchUVTg,doktercamo,2026-05-04,Sebaiknya konsultasi medis dulu ya Kalau dari angka saja nanti penjelasannya kurang tepat
https://www.threads.com/@doktercamo/post/DX5Pra7EzJp?xmt=AQG0FeDDdBUZGK3Bi9KCUDrnrioom0JJMTNbx8vEchUVTg,avitaf_,2026-05-04,"Dok, saya pernah cek gula jam set malam. Keadaan emang udah makan, minum es dan camilan. Pas saya cek GD di angka , apa itu artinya tinggi atau masih normal ya dok? Krn kata perawat GD segitu termasuk tinggi tapi kata dokter jaga masih dalam batas normal krn cek nya malam hari"
https://www.threads.com/@doktercamo/post/DX5Pra7EzJp?xmt=AQG0FeDDdBUZGK3Bi9KCUDrnrioom0JJMTNbx8vEchUVTg,herry.nugroho,2026-05-04,"Stop nasi dan tepung tapi es teh manis, boba, kopi gula aren tetap lanjut ya sama aja"
https://www.threads.com/@doktercamo/post/DX5Pra7EzJp?xmt=AQG0FeDDdBUZGK3Bi9KCUDrnrioom0JJMTNbx8vEchUVTg,perdani80,2026-05-04,"Mnrt sy kalau pola tidur dan stress tdk dikelola ya tetap kadar gula darah akan tinggi. Tidur hrs - jam sehari, makan seimbang kombinasi ant protein, sayur dan karbo sesuai kebutuhan sehari, disamping latihan beban. Ga bisa hanya dihajar olahraga. Tlalu cape, guldar drop, stress marker naik malah gula gak turun . Cmiiw"
https://www.threads.com/@doktercamo/post/DX5Pra7EzJp?xmt=AQG0FeDDdBUZGK3Bi9KCUDrnrioom0JJMTNbx8vEchUVTg,sheira_ki,2026-05-04,"betul tidur larut, banyak pikiran, cek gdp pagi 🫩 biasanya gdp sy"
https://www.threads.com/@doktercamo/post/DX5Pra7EzJp?xmt=AQG0FeDDdBUZGK3Bi9KCUDrnrioom0JJMTNbx8vEchUVTg,perdani80,2026-05-04,"Sama kak. Tdk semata pola makan yg salah, tp pola tidur dan stress jg ngaruh bgt. Sering begitu pas dicek hba c biasanya merah."
https://www.threads.com/@doktercamo/post/DX5Pra7EzJp?xmt=AQG0FeDDdBUZGK3Bi9KCUDrnrioom0JJMTNbx8vEchUVTg,arika_irga,2026-05-04,"Sy cewek usia menuju tahun. msh obesitas bb di kg. Msh makan nasi, makan manis jg tp hba c sy di angka ..kolestrol asam urat pun normal..kunciny adalah latihan beban seminggu - x setelah latihan beban cardio menit. Sy sudah tahun rutin angkat beban. Kalo kerja hanya rebahan glukosa yg masuk ga akan kebakar jd energi."
https://www.threads.com/@doktercamo/post/DX5Pra7EzJp?xmt=AQG0FeDDdBUZGK3Bi9KCUDrnrioom0JJMTNbx8vEchUVTg,jimmmigambar,2026-05-04,"kalau tidak di barengi tidur yg berkualitas apalagi stress psikis sama aja bohong,, gak bakal turun Gd nya apalagi membaik"
https://www.threads.com/@doktercamo/post/DX5Pra7EzJp?xmt=AQG0FeDDdBUZGK3Bi9KCUDrnrioom0JJMTNbx8vEchUVTg,reyryz_1607,2026-05-04,"Apakah KKA ?ketoasidosis diabetik? Stop Karbo > gak dapat energi > kirim signal ke otak kalo sel kelaparan > malah treadmill > organ hati terpaksa bikin glukosa baru dari protein > glukosa gak diserap karena insulin bermasalah > glukosa numpuk dalam darah jadi naik lebih dari > tubuh terpaksa memecah lemak dalam jumlah besar > menghasilkan limbah keton > pH darah turun menjadi sangat asam > paru paru otomatis harus buang kelebihan asam , makanya jadi sesak (kussmaul). Ya gak sih? @doktercamo"
https://www.threads.com/@doktercamo/post/DX5Pra7EzJp?xmt=AQG0FeDDdBUZGK3Bi9KCUDrnrioom0JJMTNbx8vEchUVTg,bangggggaban,2026-05-04,Masih mencari penjelasan yg di pin itu
https://www.threads.com/@doktercamo/post/DX5Pra7EzJp?xmt=AQG0FeDDdBUZGK3Bi9KCUDrnrioom0JJMTNbx8vEchUVTg,jasonaaron,,"h ""I got a restless mind, it don't always do what I want it to."" --William Gay, Provinces of Night"
https://www.threads.com/@doktercamo/post/DX5Pra7EzJp?xmt=AQG0FeDDdBUZGK3Bi9KCUDrnrioom0JJMTNbx8vEchUVTg,aliahsheffield,,blackbookthreads h This content is unavailable
https://www.threads.com/@doktercamo/post/DX5Pra7EzJp?xmt=AQG0FeDDdBUZGK3Bi9KCUDrnrioom0JJMTNbx8vEchUVTg,skeletalcommander,,h Hate when people wear big hats. What are you trying to prove?
https://www.threads.com/@dr.gregorybudiman/post/DX9GDJuk7hQ?xmt=AQG0FeDDdBUZGK3Bi9KCUDrnrioom0JJMTNbx8vEchUVTg,dr.gregorybudiman,2026-05-05,"Barusan dengar ada pasien cerita, ayahnya kena diabetes, gula darahnya tinggi banget. Beliau sudah meninggal karena kena ginjal akibat sering minum obat diabetes. Hhhmmmm,,,, edukasi pelan ya,,,"
https://www.threads.com/@dr.gregorybudiman/post/DX9GDJuk7hQ?xmt=AQG0FeDDdBUZGK3Bi9KCUDrnrioom0JJMTNbx8vEchUVTg,Pinned,2026-05-06,"Padahal obatnya ga bikin rusak ginjal, yang bikin rusak ginjal karena gula darahnya tinggi. Betul apa betul? Aku juga penderita diabetes sampai skrng konsumsi obat, yg penting jgn hanya mengandalkan obat, diimbangi sama olahraga, aku minum susu khusus diabetes juga buat stabilin gula darah, kurangi Karbo, banyakin makan realfood"
https://www.threads.com/@dr.gregorybudiman/post/DX9GDJuk7hQ?xmt=AQG0FeDDdBUZGK3Bi9KCUDrnrioom0JJMTNbx8vEchUVTg,h4ldigital,2026-05-05,"Masyarakat kita sangat butuh edukasi ttg diabetes Dok. Kebanyakan masih gak paham, apa itu Diabetes tipe dan tipe . Tau nya cuma sakit gula basah dan gula kering 🤣"
https://www.threads.com/@dr.gregorybudiman/post/DX9GDJuk7hQ?xmt=AQG0FeDDdBUZGK3Bi9KCUDrnrioom0JJMTNbx8vEchUVTg,imabasfain,2026-05-05,"Betul dok. Hampir tmn"" ku yg tau aq DM sering tanya basah dan kering. Kadang aq bingung jg jelaskan krn aq dpt edukasi nya tipe dan tipe . Aq pasien yg sering banyak tanya ketika waktunya kontrol."
https://www.threads.com/@dr.gregorybudiman/post/DX9GDJuk7hQ?xmt=AQG0FeDDdBUZGK3Bi9KCUDrnrioom0JJMTNbx8vEchUVTg,rere19__10,2026-05-05,"Bukannya obat² kyk gitu malah bagus buat ginjal,iya gak dok?"
https://www.threads.com/@dr.gregorybudiman/post/DX9GDJuk7hQ?xmt=AQG0FeDDdBUZGK3Bi9KCUDrnrioom0JJMTNbx8vEchUVTg,poth__,2026-05-05,"apapun bentuk obatnya, pastinya bikin ginjal kerja ekstra jadi ya lebih baik tanpa obat an"
https://www.threads.com/@dr.gregorybudiman/post/DX9GDJuk7hQ?xmt=AQG0FeDDdBUZGK3Bi9KCUDrnrioom0JJMTNbx8vEchUVTg,rere19__10,2026-05-05,"Berarti kalau sakit diabet,jantung yg konsumsi obatnya jangka panjang,gak perlu minum obat gitu?"
https://www.threads.com/@dr.gregorybudiman/post/DX9GDJuk7hQ?xmt=AQG0FeDDdBUZGK3Bi9KCUDrnrioom0JJMTNbx8vEchUVTg,lelaf.adillah,2026-05-05,Ibu aku dok.. Udh komplikasi diabetes stroke udh kena ginjal jg.. Dapet obatnya banyak jg.. Jd worry jg dok.. Aman gk yah dok obat banyak gt buat pasien diabet n gagal ginjal..
https://www.threads.com/@dr.gregorybudiman/post/DX9GDJuk7hQ?xmt=AQG0FeDDdBUZGK3Bi9KCUDrnrioom0JJMTNbx8vEchUVTg,widyahningsih_,2026-05-05,Bapakku dok ! Jelas jelas gula ga mau banget dblg diabetes 😭 bapakku tipe orangtua ga mau dgr masukan smpe skrng bingung gmn cara buat dia sadar pdhal udah pernah msk rs gara” gula & d kasi suntikan insulin malah ngeyel 🙄
https://www.threads.com/@dr.gregorybudiman/post/DX9GDJuk7hQ?xmt=AQG0FeDDdBUZGK3Bi9KCUDrnrioom0JJMTNbx8vEchUVTg,nusantara.pdf,2026-05-06,Bapak saya pernah op diabet dok dan sampe sekarang masih minum obat insulin sehat ga kayak dulu lagi sakit-sakitan
https://www.threads.com/@dr.gregorybudiman/post/DX9GDJuk7hQ?xmt=AQG0FeDDdBUZGK3Bi9KCUDrnrioom0JJMTNbx8vEchUVTg,keytrinas,2026-05-08,"Kak. Spill obat insulinnya dong,, ibuku jg lagi penderita diabetes"
https://www.threads.com/@dr.gregorybudiman/post/DX9GDJuk7hQ?xmt=AQG0FeDDdBUZGK3Bi9KCUDrnrioom0JJMTNbx8vEchUVTg,nusantara.pdf,2026-05-08,Glimepiride. Lbh baik ke dokter ka setiap org beda- beda dosis nya bpk saya resep dari dokter
https://www.threads.com/@dr.gregorybudiman/post/DX9GDJuk7hQ?xmt=AQG0FeDDdBUZGK3Bi9KCUDrnrioom0JJMTNbx8vEchUVTg,keytrinas,2026-05-08,Kalau yg herbal itu bagus apa enggk kak
https://www.threads.com/@dr.gregorybudiman/post/DX9GDJuk7hQ?xmt=AQG0FeDDdBUZGK3Bi9KCUDrnrioom0JJMTNbx8vEchUVTg,imabasfain,2026-05-05,"Pasien nya perlu edukasi dok. Bapakku DM dgn obat insulin. Bpk meninggal alhamdulillah ginjalnya sehat. Skrg aq udh tahun berjuang jg dgn DM. Minm obt Metf rm!n setiap hari rutin perbulan cek ginjal alhamdulillah ginjalku aman. Malah yg aq tau edukasi dr dokter rawat bpkku. Ketika gula darah tdk terkontrol, minum obat asal""an bahkan banyak pasien yg berbohong ke dokter dan keluargany katanya minum obt ternyata tdk. Yg mengakibatkan kerusakan ginjal. Keluarga nya menyalahkan obat diabetes nya"
https://www.threads.com/@dr.gregorybudiman/post/DX9GDJuk7hQ?xmt=AQG0FeDDdBUZGK3Bi9KCUDrnrioom0JJMTNbx8vEchUVTg,budzvmcx,2026-05-05,"Mana ada org minum obat kena ginjal, emang pas minum gitu, ada ginjal melayang ke kita?"
https://www.threads.com/@dr.gregorybudiman/post/DX9GDJuk7hQ?xmt=AQG0FeDDdBUZGK3Bi9KCUDrnrioom0JJMTNbx8vEchUVTg,dr.gregorybudiman,2026-05-05,"Hehe,,, ada yg nimpuk ya"
https://www.threads.com/@dr.gregorybudiman/post/DX9GDJuk7hQ?xmt=AQG0FeDDdBUZGK3Bi9KCUDrnrioom0JJMTNbx8vEchUVTg,diliv00,2026-05-05,"Mana dok, edukasi pelan nya ? Saya nungguin."
https://www.threads.com/@dr.gregorybudiman/post/DX9GDJuk7hQ?xmt=AQG0FeDDdBUZGK3Bi9KCUDrnrioom0JJMTNbx8vEchUVTg,dr.gregorybudiman,2026-05-05,Hehe males ah 😅
https://www.threads.com/@dr.gregorybudiman/post/DX9GDJuk7hQ?xmt=AQG0FeDDdBUZGK3Bi9KCUDrnrioom0JJMTNbx8vEchUVTg,windimaulana_,2026-05-05,"Ibu mertuaku matanya kabur hampir gabisa melihat , katanya gula darahnya sempet tinggi , tapi kata orang terdekat bukan diabetes cuma gula darah tinggi , jadi apa bener gitu dok ?"
https://www.threads.com/@dr.gregorybudiman/post/DX9GDJuk7hQ?xmt=AQG0FeDDdBUZGK3Bi9KCUDrnrioom0JJMTNbx8vEchUVTg,dr.gregorybudiman,2026-05-05,Diabetes itu tandanya gula darah yang tinggi bu
https://www.threads.com/@dr.gregorybudiman/post/DX9GDJuk7hQ?xmt=AQG0FeDDdBUZGK3Bi9KCUDrnrioom0JJMTNbx8vEchUVTg,dewirati2121,2026-05-05,Itu gmn dok? Suami ku diabet. Bs kena ginjal?
https://www.threads.com/@dr.gregorybudiman/post/DX9GDJuk7hQ?xmt=AQG0FeDDdBUZGK3Bi9KCUDrnrioom0JJMTNbx8vEchUVTg,lelaf.adillah,2026-05-05,Biasanya klo udh kena diabet itu satu lingkaran kak sm penyakit lain termasuk gagal ginjal.. Klo gulanya gak terkontrol
https://www.threads.com/@dr.gregorybudiman/post/DX9GDJuk7hQ?xmt=AQG0FeDDdBUZGK3Bi9KCUDrnrioom0JJMTNbx8vEchUVTg,dewirati2121,2026-05-05,Iya dia masih aja minum minuman kemasan alasanya itu mama di botolnya % gula nya..
https://www.threads.com/@dr.gregorybudiman/post/DX9GDJuk7hQ?xmt=AQG0FeDDdBUZGK3Bi9KCUDrnrioom0JJMTNbx8vEchUVTg,hafidzi76,2026-05-05,Edukasi orang belum berilmu akan lebih susah
https://www.threads.com/@dr.gregorybudiman/post/DX9GDJuk7hQ?xmt=AQG0FeDDdBUZGK3Bi9KCUDrnrioom0JJMTNbx8vEchUVTg,yati.liana12,2026-05-05,Benarkah itu dok? Gimana dengan konsumi budenofalk dan urdafalk berbulan bulan apa bisa kena ginjal?
https://www.threads.com/@dr.gregorybudiman/post/DX9GDJuk7hQ?xmt=AQG0FeDDdBUZGK3Bi9KCUDrnrioom0JJMTNbx8vEchUVTg,didik_img,2026-05-05,Faktor utama diabetes apa dok? Apakah keturunan itu benar?
https://www.threads.com/@dr.gregorybudiman/post/DX9GDJuk7hQ?xmt=AQG0FeDDdBUZGK3Bi9KCUDrnrioom0JJMTNbx8vEchUVTg,dapursybill,2026-05-05,Follow ah dok.. kakak ku meninggal Krn diabetes
https://www.threads.com/@dr.gregorybudiman/post/DX9GDJuk7hQ?xmt=AQG0FeDDdBUZGK3Bi9KCUDrnrioom0JJMTNbx8vEchUVTg,nunuk178,2026-05-05,Penting nih edukasi nya.lanjut Dok
https://www.threads.com/@dr.gregorybudiman/post/DX9GDJuk7hQ?xmt=AQG0FeDDdBUZGK3Bi9KCUDrnrioom0JJMTNbx8vEchUVTg,nauraa091081,2026-05-05,Nungguin
https://www.threads.com/@dr.gregorybudiman/post/DX9GDJuk7hQ?xmt=AQG0FeDDdBUZGK3Bi9KCUDrnrioom0JJMTNbx8vEchUVTg,social_security_works,,Social Security h We are demanding that Congress hold DOGE accountable by: 🚨Leading investigations into any potential criminal behavior 🚨Reviewing federal contracts approved by DOGE officials 🚨Investigating AI programs deployed in federal agencies by DOGE for potential risks
https://www.threads.com/@dr.gregorybudiman/post/DX9GDJuk7hQ?xmt=AQG0FeDDdBUZGK3Bi9KCUDrnrioom0JJMTNbx8vEchUVTg,ua_arc,,h Do you preface White supremacy with “not all White people”?
https://www.threads.com/@dr.gregorybudiman/post/DX9GDJuk7hQ?xmt=AQG0FeDDdBUZGK3Bi9KCUDrnrioom0JJMTNbx8vEchUVTg,annazarves,,"h This is once again your weekly reminder that we should elect more women, especially more Black women."
https://www.threads.com/@dr.gregorybudiman/post/DX9GDJuk7hQ?xmt=AQG0FeDDdBUZGK3Bi9KCUDrnrioom0JJMTNbx8vEchUVTg,feministajones,,h Imma get me some Fleet
https://www.threads.com/@dr.gregorybudiman/post/DX9GDJuk7hQ?xmt=AQG0FeDDdBUZGK3Bi9KCUDrnrioom0JJMTNbx8vEchUVTg,mzyal,,h days in Japan. Can I move here already?! I know everything is not as good as it seems. But I like that everyone is so….. organized 🥺
https://www.threads.com/@wisnu.segara/post/DYHhPQ-GL6C?xmt=AQG0FeDDdBUZGK3Bi9KCUDrnrioom0JJMTNbx8vEchUVTg,wisnu.segara,,"RS thread d Pas dapet pasien diabetes di Poli. 👨‍⚕️: ""Gula darah itu seperti kita bikin es teh bu, semakin banyak gulanya semakin kental. Jadi kurangi gulanya ya bu."" 🤷‍♀️: ""Dok, kalau gulanya tetap sendok tapi airnya saya banyakin gimana? Kan gak kental jadinya, gula darah saya jadi gak naik."" Berhubung pasiennya perempuan, saya yang minta maaf atas analogi saya 🙂"
https://www.threads.com/@wisnu.segara/post/DYHhPQ-GL6C?xmt=AQG0FeDDdBUZGK3Bi9KCUDrnrioom0JJMTNbx8vEchUVTg,lovely_faratos,,d Pasien saya udah dijelasin tentang konsep indeks glikemik dengan bahasa sesederhana mungkin. Saya udah ga makan nasi Dok. Beberapa hari cuma makan bubur sumsum 🫠🫠🫠 GDS ++. Bye.
https://www.threads.com/@wisnu.segara/post/DYHhPQ-GL6C?xmt=AQG0FeDDdBUZGK3Bi9KCUDrnrioom0JJMTNbx8vEchUVTg,dipendamdulu,,"d No, it's not about the analogic. That's gender issue you bring here you should sorry about, Doc"
https://www.threads.com/@wisnu.segara/post/DYHhPQ-GL6C?xmt=AQG0FeDDdBUZGK3Bi9KCUDrnrioom0JJMTNbx8vEchUVTg,tikapratama9,,"d Padahal tinggal dijelasin aja ""tubuh kita itu kayak gelas, mau sebanyak apapun masukin airnya yang berada di gelas tetep satu gelas ini, yang lainnya tumpah. Begitupun darah di tubuh ibu, gak bisa ditambah sembarangan, kan gula darah ini gulanya di darah ibu bukan di teh"". Tapi dok, dulu juga aku pernah ketemu orang yang bikin kopi sachet tapi airnya segelas gede. Alasannya ""kalo airnya banyak kan jadi gak manis, kan dokter nyuruhnya jangan minum yang manis-manis""."
https://www.threads.com/@wisnu.segara/post/DYHhPQ-GL6C?xmt=AQG0FeDDdBUZGK3Bi9KCUDrnrioom0JJMTNbx8vEchUVTg,lepetitenutri,,d Jd inget pasien DM buat gula pasir sendiri dari tebu yg ditanam sendiri. Beliau meyakini buat sendiri jd aman ✋️
https://www.threads.com/@wisnu.segara/post/DYHhPQ-GL6C?xmt=AQG0FeDDdBUZGK3Bi9KCUDrnrioom0JJMTNbx8vEchUVTg,dexjoin,,"d DOKTER WISNU!!!! SAYA PERNAH NGEJELASIN HAL YANG SAMA KE IBU SAYA 😂😂😂 karena saya emosian dan jawabnya cepat, setelah respond persis kyk kasus di atas yg ditambahin air sampe gk manis, saya tim paling lagi ""Yaudah boleh tapi ibu jawab aku dulu, mau gk teh nya dikasih tai kucing aku aduk sampe rata terus aku tambahin air putih sampe tai kucingnya gak berasa?"" Langsung diem nyengir wkwk, lalu aku jelasin lagi lanjutannya soal kandungan vs rasa."
https://www.threads.com/@wisnu.segara/post/DYHhPQ-GL6C?xmt=AQG0FeDDdBUZGK3Bi9KCUDrnrioom0JJMTNbx8vEchUVTg,wisnu.segara,,d Nah ini analoginya lebih masuk 😂
https://www.threads.com/@wisnu.segara/post/DYHhPQ-GL6C?xmt=AQG0FeDDdBUZGK3Bi9KCUDrnrioom0JJMTNbx8vEchUVTg,tsukiarc,,"d Dok kalo misal saya beli chatime ukuran large, tapi ga langsung diminum sekaligus, minumnya seteguk"" aja bisa sampe harian baru habis, ini pengaruhnya gimana? Saya sehari konsumsi air mineral minimal liter"
https://www.threads.com/@wisnu.segara/post/DYHhPQ-GL6C?xmt=AQG0FeDDdBUZGK3Bi9KCUDrnrioom0JJMTNbx8vEchUVTg,wisnu.segara,,"d Nah ini beda, yang terhitung adalah berapa konsumsi gula yang masuk ke tubuh perhari, bukan manis atau tidaknya apa yg dikonsumsi. Tapi ya itu, gula darah bukan hanya bersumber dari gula pasir atau semacamnya, tapi dari berbagai karbohidrat lain. Makanya sering disarankan kurangi jumlah nasi sehari, kurangi roti, dan sebagainya. Gitu..."
https://www.threads.com/@wisnu.segara/post/DYHhPQ-GL6C?xmt=AQG0FeDDdBUZGK3Bi9KCUDrnrioom0JJMTNbx8vEchUVTg,tsukiarc,,"d nah saya udah mau minggu ini ga konsumsi nasi maupun karbo yang lain, tapi masih makan protein tapi yang deep fried 😭 ini gimana dok? 😭😭"
https://www.threads.com/@wisnu.segara/post/DYHhPQ-GL6C?xmt=AQG0FeDDdBUZGK3Bi9KCUDrnrioom0JJMTNbx8vEchUVTg,wisnu.segara,,"d Kalau deep friednya sendiri akan menjenuhkan lemak dsri minyak yang kita pakai, otomatis kalau kita konsumsi, maka lemak jahat meningkat, yang akhirnya naikin kolesterol jahat (LDL). Deep fried ga langsung ngaruh ke gula, tapi tunggu dulu, apa yang di goreng pasti tetap mengandung karbo, meskipun itu daging tanpa lemak (misal dada ayam)."
https://www.threads.com/@wisnu.segara/post/DYHhPQ-GL6C?xmt=AQG0FeDDdBUZGK3Bi9KCUDrnrioom0JJMTNbx8vEchUVTg,tsukiarc,,d wah terima kasih insight nya dok 🙏🏼🙏🏼🙏🏼🙏🏼
https://www.threads.com/@wisnu.segara/post/DYHhPQ-GL6C?xmt=AQG0FeDDdBUZGK3Bi9KCUDrnrioom0JJMTNbx8vEchUVTg,erika.asdi,,"d Gula sendok makan (sekitar gram) utk teh segelas. Wah, berani sekali, mgkn punya banyak stok nyawa."
https://www.threads.com/@wisnu.segara/post/DYHhPQ-GL6C?xmt=AQG0FeDDdBUZGK3Bi9KCUDrnrioom0JJMTNbx8vEchUVTg,johan_riady,,"d Pertanyaan yang bagus, bs ttp dijelaskan dgn analogi dokter, maaf bu ibarat badan ibu gelas, dan airnya darah ibu, ibu tidak bisa memperbesar tubuh ibu dan menambahkan jumlah darah di tubuh ibu"
https://www.threads.com/@wisnu.segara/post/DYHhPQ-GL6C?xmt=AQG0FeDDdBUZGK3Bi9KCUDrnrioom0JJMTNbx8vEchUVTg,wisnu.segara,,d Pas bgt 👍👍
https://www.threads.com/@wisnu.segara/post/DYHhPQ-GL6C?xmt=AQG0FeDDdBUZGK3Bi9KCUDrnrioom0JJMTNbx8vEchUVTg,pamali.sateh,,d Dok katanya ada batasan konsumsi gula per hari kan? Nah itu diresetnya jam kah? Atau direset pas kita tidur? 😶
https://www.threads.com/@wisnu.segara/post/DYHhPQ-GL6C?xmt=AQG0FeDDdBUZGK3Bi9KCUDrnrioom0JJMTNbx8vEchUVTg,wisnu.segara,,"d Dewasa laki sekitar gram per hari, dewasa perempuan gram per hari. Reset gula darah itu sebenarnya kurang tepat, karena tubuh kita memetabolisme gula tanpa henti. Jadi, itu tergantung sekali sama tingkat pembakaran kita. Jadi kapan kita tidur, kapan kita aktivitas harian, dan kapan olah raga. Tentunya, dalam hari, kebutuhan gula tertinggi yaitu saat aktivitas/ olah raga."
https://www.threads.com/@wisnu.segara/post/DYHhPQ-GL6C?xmt=AQG0FeDDdBUZGK3Bi9KCUDrnrioom0JJMTNbx8vEchUVTg,sepiceless,,"d Punten dok, yg dimaksud gram dan gram ini dalam bentuk gula pasir atau sudah termasuk bentuk gula yg lain (misal laktosa pd susu, fruktosa pd buah bahan)?"
https://www.threads.com/@wisnu.segara/post/DYHhPQ-GL6C?xmt=AQG0FeDDdBUZGK3Bi9KCUDrnrioom0JJMTNbx8vEchUVTg,wisnu.segara,,"d Sudah termasuk gula kompleks dari sumber lain, bahkan nasi pun ada glukosanya walaupun sangat sangat rendah, sayangnya nasi (yang tanpa gula secara langsung) alan tetap diubah oleh tubuh kita menjadi glukosa sebagai bahan baku energi. Tapi, yang terhitung gram atau gram itu adalah konsumsi glukosa dari luar, ga termasuk yang diubah oleh tubuh kita. Sekarang di intermet banyak kalkulator yang bisa mengkonversi jenis makanan kita ke kadar glukosa yang terkandung di dalamnya."
https://www.threads.com/@wisnu.segara/post/DYHhPQ-GL6C?xmt=AQG0FeDDdBUZGK3Bi9KCUDrnrioom0JJMTNbx8vEchUVTg,nurisa_aegis,,d Tapii logika pasiennya masuk juga dok. Karena analogi yg dokter sampaikan belum tuntas (menurut saya)
https://www.threads.com/@wisnu.segara/post/DYHhPQ-GL6C?xmt=AQG0FeDDdBUZGK3Bi9KCUDrnrioom0JJMTNbx8vEchUVTg,ka_rina800,,"d Dok tanya apakah bawang putih encerkan darah, saya dlu tiap hri makan bwang putih nah kna pisau jariku..trus aja keluar tuh darah aneh aja ga mampet,misal kering kena senggol keluar lg drah nya gt"
https://www.threads.com/@wisnu.segara/post/DYHhPQ-GL6C?xmt=AQG0FeDDdBUZGK3Bi9KCUDrnrioom0JJMTNbx8vEchUVTg,wisnu.segara,,"d Bawang putih memang punya efek ""anti-koagulasi"", artinya bisa menghambat pembekuan darah. Tapi kalau ada kasus seperti itu, baiknya jangan memikirkan penyebab saja, banya kemungkinan. Bisa aja memang ada penyakit lainnya."
https://www.threads.com/@wisnu.segara/post/DYHhPQ-GL6C?xmt=AQG0FeDDdBUZGK3Bi9KCUDrnrioom0JJMTNbx8vEchUVTg,makeup_andara,,"d Dok kenapa pas hamil gula darah saya rendah? (Range - ) Efeknya saya jadi sering lemes tiap kerja, dokter saya udah menyarankan untuk banyak makan buah an biar gak lemes, tapi naiknya gak terlalu signifikan dan masih sering lemes. Untuk berat badan janin alhamdulillah setiap bulannya sudah sesuai standar persentil %"
https://www.threads.com/@wisnu.segara/post/DYHhPQ-GL6C?xmt=AQG0FeDDdBUZGK3Bi9KCUDrnrioom0JJMTNbx8vEchUVTg,wisnu.segara,,"d Karena gula darah kita ada di peredaran darah kita bu. Sedangkan saat hamil, kita berbagi darah dengan si janin dalam kandungan. Otomatis kita berbagi gula darah dan nutrisi lainnya juga. Tiap hari, janin bertumbuh, maka kebutuhannya akan gula darah juga meningkat. Nah jadi itu alasannya, kenapa meskipun ibu sudah konsumsi buah an gula darah tidak naik signifikan. Terbukti dari perkembangan bayi ibu yang bagus, jadi bisa kita simpulkan kalau gula darah ibu digunakan dengan baik oleh si janin."
https://www.threads.com/@wisnu.segara/post/DYHhPQ-GL6C?xmt=AQG0FeDDdBUZGK3Bi9KCUDrnrioom0JJMTNbx8vEchUVTg,lintang.mrs,,"d Mgkn bisa dijawab gini dok. 'Oiya bisa gula sendok airnya dibanyakin. Ibu ttp minum gelas, sisanya dikasih ke tetangga'. 🤭"
https://www.threads.com/@wisnu.segara/post/DYHhPQ-GL6C?xmt=AQG0FeDDdBUZGK3Bi9KCUDrnrioom0JJMTNbx8vEchUVTg,wisnu.segara,,d Aduuuuuu
https://www.threads.com/@wisnu.segara/post/DYHhPQ-GL6C?xmt=AQG0FeDDdBUZGK3Bi9KCUDrnrioom0JJMTNbx8vEchUVTg,homecare_bekasi_ners_rizki,,d Masa cuma makan kue sedikit Bisa naik gulanya Pas cek GDS ++ I Want To Break Free..... 🤣🫢😅😄
https://www.threads.com/@wisnu.segara/post/DYHhPQ-GL6C?xmt=AQG0FeDDdBUZGK3Bi9KCUDrnrioom0JJMTNbx8vEchUVTg,fionnacm,,"d Kue itu buat ngembangnya butuh gula, lalu biar enak rasanya jg adonannya ditambahin gula lagi, plus di luar hiasannya, entah itu coklat, icing, krim, selai, dsb jg dikasi gula, so gula plus plus. Makanya kenapa orang ln terutama dr barat tempat dimana cake diciptakan itu byk yg obesitas. Kue tradisional yg ga terlalu manis malah lebih aman, meski tetap hrs dibatasi klw udh ada diabetes."
https://www.threads.com/@wisnu.segara/post/DYHhPQ-GL6C?xmt=AQG0FeDDdBUZGK3Bi9KCUDrnrioom0JJMTNbx8vEchUVTg,homecare_bekasi_ners_rizki,,d Kalau saya Lebih ke Melarang Mutlak Apalagi jika Gulanya sudah lebih dari Paling kalau mau makan Ganti ke Telur Rebus Dan makanan non Karbo Minum cukup Air Kosongan 😅
https://www.threads.com/@wisnu.segara/post/DYHhPQ-GL6C?xmt=AQG0FeDDdBUZGK3Bi9KCUDrnrioom0JJMTNbx8vEchUVTg,fionnacm,,d This content is unavailable
https://www.threads.com/@wisnu.segara/post/DYHhPQ-GL6C?xmt=AQG0FeDDdBUZGK3Bi9KCUDrnrioom0JJMTNbx8vEchUVTg,fredywibisono,,"d mohon koreksi bila salah ya dok menurut saya klo mau minum teh ato kopi dengan gula sendok setidaknya itu skiplah sarapan, makan siang, camilan 🤣"
https://www.threads.com/@wisnu.segara/post/DYHhPQ-GL6C?xmt=AQG0FeDDdBUZGK3Bi9KCUDrnrioom0JJMTNbx8vEchUVTg,wisnu.segara,,"d Nah masalahnya lonjakan gula darah sekali konsumsi itu yang bahaya, apalagi kalau pasien sudah punya diabetes. Jadi tidak bisa jadi ""akumulasi"" atau ""balas dendam"", kurang lebih gitu"
https://www.threads.com/@wisnu.segara/post/DYHhPQ-GL6C?xmt=AQG0FeDDdBUZGK3Bi9KCUDrnrioom0JJMTNbx8vEchUVTg,hermawanprakoso,,"d Jwb Dok: Gpp Bu, tapi yg perlu ibu banyakin bukan air di teh manisnya Bu, ibu perlu tambahin jumlah darah di badan ibu, barulah bisa encer 😅"
https://www.threads.com/@wisnu.segara/post/DYHhPQ-GL6C?xmt=AQG0FeDDdBUZGK3Bi9KCUDrnrioom0JJMTNbx8vEchUVTg,nemuweb_id,,"d Kamu minum gelas dengan sendok dan liter dengan sendok, kalau habis semua , gula yang masuk sama sama sendok, tapi jika yang liter itu gari baru habis , yang masuk perhari setengah sendok"
https://www.threads.com/@wisnu.segara/post/DYHhPQ-GL6C?xmt=AQG0FeDDdBUZGK3Bi9KCUDrnrioom0JJMTNbx8vEchUVTg,wisnu.segara,,d Betul 👍
https://www.threads.com/@wisnu.segara/post/DYHhPQ-GL6C?xmt=AQG0FeDDdBUZGK3Bi9KCUDrnrioom0JJMTNbx8vEchUVTg,zenhsb94,,"d Jika dibarengi tinggi serat dok? Eeh iseng aja, aku guldar cek bulan lalu sih, cuma karena dah ++ jadi pen lebih baik lagi"
https://www.threads.com/@wisnu.segara/post/DYHhPQ-GL6C?xmt=AQG0FeDDdBUZGK3Bi9KCUDrnrioom0JJMTNbx8vEchUVTg,wisnu.segara,,"d Nah uniknya gula pasir, dia tinggi kadar glukosa sederhana, jadi dengan sangat mudah terserap dari usus ke darah kita. Jadi meskipun serat tinggi, gula tetep akan banyak yang masuk ke aliran darah dibanding terbuang bersama serat ke feses, kalah cepat gitu.."
https://www.threads.com/@wisnu.segara/post/DYHhPQ-GL6C?xmt=AQG0FeDDdBUZGK3Bi9KCUDrnrioom0JJMTNbx8vEchUVTg,zenhsb94,,d Jadi sebaiknya dikurangi ya dok
https://www.threads.com/@wisnu.segara/post/DYHhPQ-GL6C?xmt=AQG0FeDDdBUZGK3Bi9KCUDrnrioom0JJMTNbx8vEchUVTg,beylatte_,,d Hahaha allahu ga kepikiran juga😭
https://www.threads.com/@wisnu.segara/post/DYHhPQ-GL6C?xmt=AQG0FeDDdBUZGK3Bi9KCUDrnrioom0JJMTNbx8vEchUVTg,zliciovs,,"d Aku pernah tanya hal yg sama, sm chat gpt ku. Dijawab ya gapapa asal km minum nya cm seteguk 😂. Diceramahin "" tubuh km ga mengenal manis atau ga manis, dia cm tau berapa banyak gula yg masuk"""
https://www.threads.com/@wisnu.segara/post/DYHhPQ-GL6C?xmt=AQG0FeDDdBUZGK3Bi9KCUDrnrioom0JJMTNbx8vEchUVTg,rahmatbudiman1982,,d Intinya pengidap diabet ini sebagian nya orang orang yg kecanduan gula dok
https://www.threads.com/@wisnu.segara/post/DYHhPQ-GL6C?xmt=AQG0FeDDdBUZGK3Bi9KCUDrnrioom0JJMTNbx8vEchUVTg,rizalasrul,,"d Haha analoginya sudah tepat dok. Air di dalam gelas ibarat darah di dalam tubuh, kan ya? Jadi kita tidak bisa memperbanyak darah dalam tubuh karena ukuran tubuhnya segitu-gitu aja."
https://www.threads.com/@wisnu.segara/post/DYHhPQ-GL6C?xmt=AQG0FeDDdBUZGK3Bi9KCUDrnrioom0JJMTNbx8vEchUVTg,wisnu.segara,,d Betull 😂👍
https://www.threads.com/@wisnu.segara/post/DYHhPQ-GL6C?xmt=AQG0FeDDdBUZGK3Bi9KCUDrnrioom0JJMTNbx8vEchUVTg,agisramadhan07,,"d dok saya masih makan nasi, tapi pati resisten yg disimpen dulu di kulkas kadang jam kadang jam. porsi g/makan. sehari makan x gmn mnrt dokter"
https://www.threads.com/@wisnu.segara/post/DYHhPQ-GL6C?xmt=AQG0FeDDdBUZGK3Bi9KCUDrnrioom0JJMTNbx8vEchUVTg,wisnu.segara,,"d Untuk kalori yang masuk ke tubuh antara nasi putih biasa dengan nasi putih yang dibekukan jam sebenernya ga jauh beda, hanya berbeda - % aja tingkat kalorinya. Tapi karna memiliki sifat pati resisten, di usus nasi putih yang dibekukan sebelumnya ga gamoang diurai, sehingga glukosa yang diserapnke darah ga setinggi nasi putih biasa. Jadi tujuannya bukan menurunkan kalori, tapi menjadi kontrol lonjakan gula darah setelah makan, begitu kurang lebih 🙏🏻"
https://www.threads.com/@wisnu.segara/post/DYHhPQ-GL6C?xmt=AQG0FeDDdBUZGK3Bi9KCUDrnrioom0JJMTNbx8vEchUVTg,agisramadhan07,,"d ya dok tujuannya utk mengontrol lonjakan gula, nah setelah makan jeda mnt saya selalu melakukan gerakan calf rise x dan jalan pake tumit menit. dan Alhamdulillah GD PP selalu di angka - an"
https://www.threads.com/@wisnu.segara/post/DYHhPQ-GL6C?xmt=AQG0FeDDdBUZGK3Bi9KCUDrnrioom0JJMTNbx8vEchUVTg,wisnu.segara,,d Mantap 👍👍
https://www.threads.com/@wisnu.segara/post/DYHhPQ-GL6C?xmt=AQG0FeDDdBUZGK3Bi9KCUDrnrioom0JJMTNbx8vEchUVTg,agisramadhan07,,"d gpp kan gak di jeda mnt, hnya jeda semenit lgsg melakukan gerakan tersebut?"
https://www.threads.com/@wisnu.segara/post/DYHhPQ-GL6C?xmt=AQG0FeDDdBUZGK3Bi9KCUDrnrioom0JJMTNbx8vEchUVTg,tiger.66038151,,"d Mau tanya dok, suami sy thn, makan nggak berlebihan, bb ideal, tapi memang suka makan gorengan dan kopi susu tanpa gula dan kurang olahraga,hba c , sebagai langkah awal untuk mengurangi hba c apakah cukup disiplin jalan kaki /menggerakkan otot betis setiap habis makan selama menit?"
https://www.threads.com/@wisnu.segara/post/DYHhPQ-GL6C?xmt=AQG0FeDDdBUZGK3Bi9KCUDrnrioom0JJMTNbx8vEchUVTg,wisnu.segara,,"d Ini sudah masuk pre-diabetes, agar tidak jatuh ke diabetes, pola makan dan aktivitas harus di ubah. . Kalau suka kopi, cukup kopi hitam, cangkir/ hari. Pastikan tekanan darah tidak tinggi (< / ). . Gorengan salah satu tipe deep fried yang jahat sekali. Jadi karena sudah prediabet, lebih baik dihindari sama sekali. . Olah raga intensitas sedang s/d berat (jogging, bersepeda, atau kalau suka permainan bisa di tenis, futsal, bulu tangkis, atau semacamnya. MINIMAL menit perhari 🙏🏻"
https://www.threads.com/@wisnu.segara/post/DYHhPQ-GL6C?xmt=AQG0FeDDdBUZGK3Bi9KCUDrnrioom0JJMTNbx8vEchUVTg,tiger.66038151,,"d Terima kasih banyak buat advise-nya, dok, sehat dan sukses selalu 🙏"
https://www.threads.com/@wisnu.segara/post/DYHhPQ-GL6C?xmt=AQG0FeDDdBUZGK3Bi9KCUDrnrioom0JJMTNbx8vEchUVTg,wisnu.segara,,"d Amin, semoga membantu gih 🙏🏻"
https://www.threads.com/@wisnu.segara/post/DYHhPQ-GL6C?xmt=AQG0FeDDdBUZGK3Bi9KCUDrnrioom0JJMTNbx8vEchUVTg,dewin_jae,,"d Dok, kl diabetes makan nasi jagung bagus gak? Pure nasi jagung, gakdi campur sama nasi putih."
https://www.threads.com/@wisnu.segara/post/DYHhPQ-GL6C?xmt=AQG0FeDDdBUZGK3Bi9KCUDrnrioom0JJMTNbx8vEchUVTg,wisnu.segara,,"d Secara nutrisi, jagung kandungan gulanya lebih rendah dsri nasi putih biasa. Tapi selain jenis, kita harus perhatikan porsi juga yaa, agar tujuan kita menurunkan konsumsi karbo tercapai 👍"
https://www.threads.com/@wisnu.segara/post/DYHhPQ-GL6C?xmt=AQG0FeDDdBUZGK3Bi9KCUDrnrioom0JJMTNbx8vEchUVTg,dewin_jae,,d Terimakasih banyak dok 🙏🙏
https://www.threads.com/@wisnu.segara/post/DYHhPQ-GL6C?xmt=AQG0FeDDdBUZGK3Bi9KCUDrnrioom0JJMTNbx8vEchUVTg,anthony_faria,,h The application isn't the hard part. Believing your work is worth submitting is. Most designers lose opportunities because they talked themselves out of applying. Send it.
https://www.threads.com/@wisnu.segara/post/DYHhPQ-GL6C?xmt=AQG0FeDDdBUZGK3Bi9KCUDrnrioom0JJMTNbx8vEchUVTg,skootrmari,,h A lot of people point to MAGAs lack of response to January as a turning point of sorts; when they knew these people were fucked. But I knew them and the rest of us were fucked when he won an election after bragging about SAing women.
https://www.threads.com/@wisnu.segara/post/DYHhPQ-GL6C?xmt=AQG0FeDDdBUZGK3Bi9KCUDrnrioom0JJMTNbx8vEchUVTg,ragewithsage666,,"h It is not possible for me to be stressed or have my feelings hurt, what with the degree of weinerings I am receiving ✨daily✨ I don’t have time to frown!!! I’m busy!!!!!!"
https://www.threads.com/@rumahlesa/post/DUZfkoVD0wa?xmt=AQG0FeDDdBUZGK3Bi9KCUDrnrioom0JJMTNbx8vEchUVTg,rumahlesa,2026-02-06,Ijin tanya cemilan yang bagus buat penderita diabetes apa ya? Yang bisa awet juga.
https://www.threads.com/@rumahlesa/post/DUZfkoVD0wa?xmt=AQG0FeDDdBUZGK3Bi9KCUDrnrioom0JJMTNbx8vEchUVTg,dienodin,2026-02-06,"Krupuk rambak/darokdok/kulit sapi. Yg goreng sendiri, kalo beli jadi itu garamnya byk banget"
https://www.threads.com/@rumahlesa/post/DUZfkoVD0wa?xmt=AQG0FeDDdBUZGK3Bi9KCUDrnrioom0JJMTNbx8vEchUVTg,rumahlesa,2026-02-06,Mksh kak
https://www.threads.com/@rumahlesa/post/DUZfkoVD0wa?xmt=AQG0FeDDdBUZGK3Bi9KCUDrnrioom0JJMTNbx8vEchUVTg,ririn.rosilla,2026-02-10,"diabetasol wafer sih kalo cari aman, itu zero sugar, jadi ga bikin gula darah naik. aku juga suka ngemil itu, apalagi nyambi nonton tv wkwkw"
https://www.threads.com/@rumahlesa/post/DUZfkoVD0wa?xmt=AQG0FeDDdBUZGK3Bi9KCUDrnrioom0JJMTNbx8vEchUVTg,vaandila,2026-02-06,Diabetasol wafer kak s.shopee.co.id/ fy O…
https://www.threads.com/@rumahlesa/post/DUZfkoVD0wa?xmt=AQG0FeDDdBUZGK3Bi9KCUDrnrioom0JJMTNbx8vEchUVTg,rumahlesa,2026-02-06,Wah Mkasih banyak ya kak
https://www.threads.com/@rumahlesa/post/DUZfkoVD0wa?xmt=AQG0FeDDdBUZGK3Bi9KCUDrnrioom0JJMTNbx8vEchUVTg,vaandila,2026-02-06,Sama kak
https://www.threads.com/@rumahlesa/post/DUZfkoVD0wa?xmt=AQG0FeDDdBUZGK3Bi9KCUDrnrioom0JJMTNbx8vEchUVTg,initaselistia,2026-02-06,Creakers yg rendah gula atau tnpa gula atau ada merk dari tropicanaslim
https://www.threads.com/@rumahlesa/post/DUZfkoVD0wa?xmt=AQG0FeDDdBUZGK3Bi9KCUDrnrioom0JJMTNbx8vEchUVTg,rumahlesa,2026-02-06,Ada linknya kak
https://www.threads.com/@rumahlesa/post/DUZfkoVD0wa?xmt=AQG0FeDDdBUZGK3Bi9KCUDrnrioom0JJMTNbx8vEchUVTg,inkind.id,2026-03-06,"Hi kak, izin ikut meramaikan threadnya 🤍 Kami punya solusi buat cemilan yang sehat buat sekeluarga. Dibuat tanpa tepung, tanpa gula, tanpa pewarna dan tanpa pengawet. Berbahan dasar kurma premium, kacang-kacangan tinggi nutrisi, cacao murni dan matcha ceremonial grade. Rasanya enak seperti kue gurih dan manisnya pas, bikin nagih. Bisa cek katalog kami di shopee.co.id/inkin… 📍Surabaya"
https://www.threads.com/@rumahlesa/post/DUZfkoVD0wa?xmt=AQG0FeDDdBUZGK3Bi9KCUDrnrioom0JJMTNbx8vEchUVTg,riizky.kaa,2026-02-12,"diabetasol wafer, ibuku penderita diabetes suka ngemil itu. pernah ibuku beli kripik langsung aku buang, daripada gula nya naik mending ku buang😅"
https://www.threads.com/@rumahlesa/post/DUZfkoVD0wa?xmt=AQG0FeDDdBUZGK3Bi9KCUDrnrioom0JJMTNbx8vEchUVTg,feministajones,,"h There was an independent film that came out a while back made by a black woman. I saw it out a film festival and I thought it was absolutely terrible. I did not elaborate on that publicly, instead I just said that I don’t like it and I wouldn’t recommend it to anyone. The filmmaker blocked me and then went on a rant talking shit about how BW are the biggest haters ￼ Here’s the thing,"
https://www.threads.com/@rumahlesa/post/DUZfkoVD0wa?xmt=AQG0FeDDdBUZGK3Bi9KCUDrnrioom0JJMTNbx8vEchUVTg,tinamarsbooks,,h I’m having the hardest time sitting on ~things~ and keeping my mouth shut. What ever shall I do.
https://www.threads.com/@rumahlesa/post/DUZfkoVD0wa?xmt=AQG0FeDDdBUZGK3Bi9KCUDrnrioom0JJMTNbx8vEchUVTg,elizabethwarren,,"h Millions of Americans use buy-now-pay-later because they're stretched thin. The last thing they need is to be penalized on their credit score for it—especially with no transparency, no consistency, and no recourse. I’m demanding answers."
https://www.threads.com/@rumahlesa/post/DUZfkoVD0wa?xmt=AQG0FeDDdBUZGK3Bi9KCUDrnrioom0JJMTNbx8vEchUVTg,simonsinek,,"h When people are financially invested, they want a return. When people are emotionally invested, they want to contribute."
https://www.threads.com/@senaara03/post/DWtAPYElF-L?xmt=AQG0FeDDdBUZGK3Bi9KCUDrnrioom0JJMTNbx8vEchUVTg,senaara03,2026-04-04,"Halooo... Aku pendatang baru di dunia diabetes. Yg terkena diabetes adalah ibuku, usia tahun. Kemarin gula darahnya melonjak dan hari ini sudah minggu di suntik insulin. Aku awan banget di dunia diabetes ini, yg punya pengalaman dengan diabetes (ortu/pejuang DM) boleh dong share disini apa yang boleh dan tidak boleh untuk penderita diabetes 🥲"
https://www.threads.com/@senaara03/post/DWtAPYElF-L?xmt=AQG0FeDDdBUZGK3Bi9KCUDrnrioom0JJMTNbx8vEchUVTg,senaara03,2026-04-05,"Terimakasih semua yg sudah share pengalaman diabetes di thread ini. Aku seneng bgt krna bnyak yg berhasil sembuh dr DM. Smga aku jg bisa merawat ibu sampai sembuh 🥲 Aku akan update perkembangan ibu dan perawatan yg aku lakukan disini, smg thread ini bisa bermanfaat bagi caregiver diabetes / penderita diabetes. Smg semua yg membaca termotivasi untuk sehat dan menjaga pola hidup sehat 😇"
https://www.threads.com/@senaara03/post/DWtAPYElF-L?xmt=AQG0FeDDdBUZGK3Bi9KCUDrnrioom0JJMTNbx8vEchUVTg,senaara03,2026-04-05,". Kondisi awal Saat dirumah ibu sdh lemas parah selama hari, sebelum aku bw ke igd bener² lemes sampai gak bisa di bangunin. Di igd cek gula ternyata dan langsung opname . Opname Ibu opname selama hari, setiap hari di suntik insulin sebelum makan. Insulin sebelum makan x, insulin sebelum tidur x. Batas makan jam malam, diatas jam itu dilarang makan apapun sampai pagi dan hanya boleh minum air putih . Makanan Selama di rs ibu ttp makan nasi menu rs. Setiap hari cek gula pagi-sore"
https://www.threads.com/@senaara03/post/DWtAPYElF-L?xmt=AQG0FeDDdBUZGK3Bi9KCUDrnrioom0JJMTNbx8vEchUVTg,roycelimindra,2026-04-04,"Cuma mau bilang : - karbo, nasi, ubi, jagung, tepung, buah, gula, kerupuk, kue, Mie, roti =====> menaikkan gula darah - protein, serat, lemak sehat ======> tidak signifikan menaikkan gula darah Bikin meal plan : - pagi = gak boleh sentuh buah, karbo Makanlah telur, ayam, sapi, ikan - siang = nasi / serat, / protein, / karbo Buah / piring hanya boleh siang Krn siang waktu terbaik bakar gula - malam = nasi / serat, / protein, / karbo * tak boleh ngemil * olahraga rutin"
https://www.threads.com/@senaara03/post/DWtAPYElF-L?xmt=AQG0FeDDdBUZGK3Bi9KCUDrnrioom0JJMTNbx8vEchUVTg,kuntadewii,2026-04-06,"Pas banget aku juga lagi ngerawat ibuku yang kena diabetes. Kuncinya sabar, kalo orang tua emosi jangan ikut emosi ya kak, orang kena diabetes suka emosi. Cari makanan yg indeks glimeknya rendah kayak nasi merah, obat, ubi, dll, banyakin makan realfood. Beliin susu diabetasol kak untuk tambahan nutrisi, bisa untuk stabilin gula darah juga. Semangat ya kak"
https://www.threads.com/@senaara03/post/DWtAPYElF-L?xmt=AQG0FeDDdBUZGK3Bi9KCUDrnrioom0JJMTNbx8vEchUVTg,elsa.harlie,2026-04-10,"Sama kayak aku minum susu diabetasol juga, biasanya aku mix sama alpukat. Enak banget ga boong, bikin ketagihan🤣"
https://www.threads.com/@senaara03/post/DWtAPYElF-L?xmt=AQG0FeDDdBUZGK3Bi9KCUDrnrioom0JJMTNbx8vEchUVTg,a.fatimah_jusri,2026-04-04,"Seringakan konsumsi sayur, pare,toge,kacang panjang,wortel, tumis, agar sensitifitas insulin bereaksi. No tepung, no nasi, no gula, no buah, kecuali pepaya, alpukat, stoberi. Camilannya kacang-kacangan untuk menstabilkan gula darah. Youghut. Saya juga tgl kmrn diopname hari gula darah . Alhamdulillah pola makan diubah, jalan pagi m, berjemur, umur saya th. Alhamdulilah mulai stabil."
https://www.threads.com/@senaara03/post/DWtAPYElF-L?xmt=AQG0FeDDdBUZGK3Bi9KCUDrnrioom0JJMTNbx8vEchUVTg,rusitarr,2026-04-04,"dijaga aja ya ka, usahakan gula darah harus selalu stabil dan anggota tuhuh jgn ada yg luka. takut kyk mamaku. maaf bukan nakutin ya. mamaku ada luka di kaki. gara didiemin krn dikira luka biasa, lukanya jd infeksi dan menyebar. ketambah gula darahnya lg tinggi. alhasil harus dioperasi. skrg masih proses penyembuhan. dan dokter blg ini bakal panjang prosesnya. makanan /minuman manis baiknya distop. buah jg, dicari tau dulu ya mana yg rendah indeks glikemiknya."
https://www.threads.com/@senaara03/post/DWtAPYElF-L?xmt=AQG0FeDDdBUZGK3Bi9KCUDrnrioom0JJMTNbx8vEchUVTg,rusitarr,2026-04-04,"kalo ada alat cek gula, cek sendiri sesekali gpp. buat skrining. jd kita bs evaluasi, kira kenapa kalo gulanya tinggi atau rendah bgt."
https://www.threads.com/@senaara03/post/DWtAPYElF-L?xmt=AQG0FeDDdBUZGK3Bi9KCUDrnrioom0JJMTNbx8vEchUVTg,febyray,2026-04-04,"Rutin kontrol sih kak, mulai cari dokter penyakit dalam yg ftiendly dan enak di ajak diskusi, usahakan yg ibu kakak cocok ngobrol nya. Dampingi terus tiap kontrol, usahakan tidak gonta ganti pendamping, tapi kalau tidak bisa, selalu share sama anggota keluarga lain apa hasil kontrol mingguan atau bulanan. Pastikan BPJS aktif, karena DM dengan segala insulinnya yg mahal itu di tanggung BPJS. Next.."
https://www.threads.com/@senaara03/post/DWtAPYElF-L?xmt=AQG0FeDDdBUZGK3Bi9KCUDrnrioom0JJMTNbx8vEchUVTg,febyray,2026-04-04,"Ortu payah di larang, untuk itu kita mesti tega soal disiplin makanan, kalau gak pake kalimat, ""kalau mama mau bebas makan, berarti mesti rutin suntik insulin, minum obat dan kontrol ke dokter"". Ke mamaku sih berhasil ya 😌"
https://www.threads.com/@senaara03/post/DWtAPYElF-L?xmt=AQG0FeDDdBUZGK3Bi9KCUDrnrioom0JJMTNbx8vEchUVTg,caloriestruck,2026-04-04,"Ayah punya diabet selama + tahun. Makan nasi porsi kecil, gak makan makanan olahan bergula kecuali gula jagung ke minuman (jarang). Gorengan masih tapi dikit. Buah apa aja tp makan di porsi. Skrg, kena jantung lagi karena setelah pensiun gak punya kegiatan, alhasil bb naik juga. Orang dgn diabet cepet capek dan badan mudah lemas. Jangan pernah skip obat+insulin+suplemen. Obat dr BPJS + beli sendiri. Alat yg ada di rumah, tensimeter + alat cek gula darah, kolestrol, dan asam urat."
https://www.threads.com/@senaara03/post/DWtAPYElF-L?xmt=AQG0FeDDdBUZGK3Bi9KCUDrnrioom0JJMTNbx8vEchUVTg,halimahtaryadi,2026-04-05,"Halo Kak. Pastikan ibunya rajin kontrol yah kak, kurangin makanan berlemak dan goreng-gorengan. Buat jendela waktu makan, sarapan kurangin yang berminyak, mungkin rebus-rebusan. Awal bulan puasa, Ibuku malas kontrol selama bulan, alhasil gula melonjak ke sampai diarahkan ke IGD. Jadi, tolong jangan skip kontrol yah kak. Semangat! ☺️☺️"
https://www.threads.com/@senaara03/post/DWtAPYElF-L?xmt=AQG0FeDDdBUZGK3Bi9KCUDrnrioom0JJMTNbx8vEchUVTg,aryafrd,2026-04-05,"Halo ka, saya pernah ngerawat nenek saya yang kena diabetes. Harus sering kontrol rutin gula darah sama darah tingginya juga ka. Terus harus sabar ya ka ngadepin org diabetes."
https://www.threads.com/@senaara03/post/DWtAPYElF-L?xmt=AQG0FeDDdBUZGK3Bi9KCUDrnrioom0JJMTNbx8vEchUVTg,candy_mochtar_usman,2026-04-04,"Saya wkt ketahuan diabetes jg tinggi, tp sama Dr di kasih obat, saya diet nasi hanya siang gram, pagi n malam oat meal/kukusan, kurangin gorengan, kopi sachet, tdk makan mie instan n pengawet, gula diet, makan buah, alhamdullilah dlm minggu normal, setelah itu saya jg makan, olah raga n minum obat rutin. Diabetes itu klo kita makannya teratur n kita jg, In Shaa Allah, stabil, asal kita tau batasannya."
https://www.threads.com/@senaara03/post/DWtAPYElF-L?xmt=AQG0FeDDdBUZGK3Bi9KCUDrnrioom0JJMTNbx8vEchUVTg,hartonotjung,2026-04-04,Coba mulai latihan angkat beban ringan
https://www.threads.com/@senaara03/post/DWtAPYElF-L?xmt=AQG0FeDDdBUZGK3Bi9KCUDrnrioom0JJMTNbx8vEchUVTg,harsono5144,2026-04-04,"Cek hba c insya Alloh pasti tinggi turunkan stop obat caranya Puasa atau intermeeting fasting, olahraga cardio dan strength, zero atau low karbohidrat, banyak makan protein, serat stop gorengan, tepung, upf maximal tidur jam malam, usahakan banyak makan telor rebus kalau ada uang beli alpukat lakukan SD bln, insya Alloh gula normal kembali, Saya kemarin hba c , (gula ) komplikasi Neuropati, sekarang alhamdulillah , GDP , hrs dgn tekat kuat"
https://www.threads.com/@senaara03/post/DWtAPYElF-L?xmt=AQG0FeDDdBUZGK3Bi9KCUDrnrioom0JJMTNbx8vEchUVTg,neng_nenty,2026-04-04,bapak ibuku diabetes kak.. jadi sebagai caregiver pertama kali adalah memahami emosi orang tua.. dan harus sabarrrr baannnggeeettt klo dirasa lelah boleh istirahat jangan berhenti.. emosi amburadul soale.. hehe.. klo medis nya yaa dijalani aja sesuai dengan terapi dari dokter nyaa.. just that..
https://www.threads.com/@senaara03/post/DWtAPYElF-L?xmt=AQG0FeDDdBUZGK3Bi9KCUDrnrioom0JJMTNbx8vEchUVTg,desipoftea,2026-04-04,"rutin minum obat dan suntik insulin sesuai instruksi dokter, rajin kontrol ke dokter, jaga tekanan darah tinggi agar diabetes tidak cepat merusak ginjal lewat tekanan darah yg tinggi sehingga harus cuci darah, makan senormalnya, jgn banyak atau bahkan ekstrim makan dikit/diet aneh , aktivitas fisik rutin yg santai. Jaga kelembapan kulit pakai lotion untuk mengurangi gatal . Sedia madu di kamar atau tas, jd kalau drop gulanya konsumsi madu."
https://www.threads.com/@senaara03/post/DWtAPYElF-L?xmt=AQG0FeDDdBUZGK3Bi9KCUDrnrioom0JJMTNbx8vEchUVTg,kampayski,2026-04-05,Jgn lupa dalam hal pemberian insulin.... setelah suntik malah suntik lagi karena lupa.... resikonya hipoglikemi... salah satu efeknya dulu alm. Bapakku... buat rame orang dirumah... gak sadar tapi seperti ngamuk² gitu... kalau terjadi demikian(mudah²an gak ya)... jgn panik... dicor aja gulanya buat teh manis atau apa yg bisa naikin lagi gulanya secara cepat... Dietnya dijaga... Banyak minum air putih... Rajin olahraga... Rutin kontrol ke dokter...
https://www.threads.com/@senaara03/post/DWtAPYElF-L?xmt=AQG0FeDDdBUZGK3Bi9KCUDrnrioom0JJMTNbx8vEchUVTg,dieterapinn,2026-04-04,pola makan nya kak yang paling penting untuk diperbaiki
https://www.threads.com/@senaara03/post/DWtAPYElF-L?xmt=AQG0FeDDdBUZGK3Bi9KCUDrnrioom0JJMTNbx8vEchUVTg,simplynisa88,2026-04-04,Rutin puasa jangan lupa kak
https://www.threads.com/@senaara03/post/DWtAPYElF-L?xmt=AQG0FeDDdBUZGK3Bi9KCUDrnrioom0JJMTNbx8vEchUVTg,samanthayoung.me,,"h As if my job losing two of my paychecks and my husband getting bronchitis wasn’t enough, I also just got diagnosed with ✨a UTI✨ 🙃"
https://www.threads.com/@senaara03/post/DWtAPYElF-L?xmt=AQG0FeDDdBUZGK3Bi9KCUDrnrioom0JJMTNbx8vEchUVTg,martinldart,,"h I'm so sick of the false ""Musk created jobs!"" narrative. We gave him $ illion so far, exactly how many jobs did that create? Don't bother looking it up, he used it to buy more Republicans."
https://www.threads.com/@senaara03/post/DWtAPYElF-L?xmt=AQG0FeDDdBUZGK3Bi9KCUDrnrioom0JJMTNbx8vEchUVTg,essentiallyebonee,,NFL Threads h OH — the football girlies are going to LOVE this! 🙌🏾💕🏉 yahoosports
https://www.threads.com/@senaara03/post/DWtAPYElF-L?xmt=AQG0FeDDdBUZGK3Bi9KCUDrnrioom0JJMTNbx8vEchUVTg,talynstormcrow,,h Oh yeah... I posted boob 😂 VIEWS DAYS APR – MAY
https://www.threads.com/@dheacory/post/DVNOf_8EpIa?xmt=AQG0FeDDdBUZGK3Bi9KCUDrnrioom0JJMTNbx8vEchUVTg,dheacory,2026-02-26,"Tanya serius, kenapa ya kalau yang udah punya diabetes, saat puasa dan tidak lagi mengonsumsi gula, pas dinpriksa gulanya malah tinggi?"
https://www.threads.com/@dheacory/post/DVNOf_8EpIa?xmt=AQG0FeDDdBUZGK3Bi9KCUDrnrioom0JJMTNbx8vEchUVTg,andymahendr,2026-02-26,"Gula darah itu naik turun sepanjang hari.. Kalo pagi cenderung tinggi karena pagi hari ada hormon kortisol, ini bukan gara stress, tapi memang jadwal hormon kortisol dirilis tiap pagi oleh kelenjar adrenal..😊"
https://www.threads.com/@dheacory/post/DVNOf_8EpIa?xmt=AQG0FeDDdBUZGK3Bi9KCUDrnrioom0JJMTNbx8vEchUVTg,dheacory,2026-02-26,Trimakasih penjelasannya bang
https://www.threads.com/@dheacory/post/DVNOf_8EpIa?xmt=AQG0FeDDdBUZGK3Bi9KCUDrnrioom0JJMTNbx8vEchUVTg,eli_setya.noverdison,2026-02-26,"Bisa karena faktor stres, kurang tidur, ada infeksi"
https://www.threads.com/@dheacory/post/DVNOf_8EpIa?xmt=AQG0FeDDdBUZGK3Bi9KCUDrnrioom0JJMTNbx8vEchUVTg,andragaspol16,2026-02-26,Seharusnya kalo ngk punya diabetes posisi puasa normnya turun kalo naik pas habis makan..
https://www.threads.com/@dheacory/post/DVNOf_8EpIa?xmt=AQG0FeDDdBUZGK3Bi9KCUDrnrioom0JJMTNbx8vEchUVTg,yunitayeniii,2026-02-26,"bisa jadi salah di menu sahurnya, ga konsumsi gula belum tentu gula darahnya baik. btw aku penderita juga kak, biasanya sahur makan butir telur rebus+minum susu diabetasol buat stabilin gula darah. nanti waktu sahur jangan bales dendam makan asal asalan, pilih karbohidrat kompleks, banyakin proteinnya juga"
https://www.threads.com/@dheacory/post/DVNOf_8EpIa?xmt=AQG0FeDDdBUZGK3Bi9KCUDrnrioom0JJMTNbx8vEchUVTg,lif_cholifah0612,2026-02-26,Faktor stres biasanya kak. Berkaitan dengan sistem tubuh
https://www.threads.com/@dheacory/post/DVNOf_8EpIa?xmt=AQG0FeDDdBUZGK3Bi9KCUDrnrioom0JJMTNbx8vEchUVTg,dheacory,2026-02-26,"Ohh gitu ya kak, padahal sedang di rawat makanannya pun dalam pengawasan, pas mau CT scan kan puasa dlu kak, dan di chek kg gulanya, ehh tinggi an 😩"
https://www.threads.com/@dheacory/post/DVNOf_8EpIa?xmt=AQG0FeDDdBUZGK3Bi9KCUDrnrioom0JJMTNbx8vEchUVTg,lif_cholifah0612,2026-02-26,Iya kak. Klo stres tubuh otomatis naikin gula darah kak. Semoga kondisi kk lekas membaik ya
https://www.threads.com/@dheacory/post/DVNOf_8EpIa?xmt=AQG0FeDDdBUZGK3Bi9KCUDrnrioom0JJMTNbx8vEchUVTg,dheacory,2026-02-26,"Bukan aku kak, tapi temen ku pas kemo, udah kayak ibu aku"
https://www.threads.com/@dheacory/post/DVNOf_8EpIa?xmt=AQG0FeDDdBUZGK3Bi9KCUDrnrioom0JJMTNbx8vEchUVTg,lif_cholifah0612,2026-02-26,Iya kak. Kirain kk. Semoga beliau lekas diangkat penyakitnya
https://www.threads.com/@dheacory/post/DVNOf_8EpIa?xmt=AQG0FeDDdBUZGK3Bi9KCUDrnrioom0JJMTNbx8vEchUVTg,a_drial,2026-02-26,Udah gak konsumsi gula. Yang masuk kedalam mulut ketika sahur & berbuka tinggi Karbo juga gak kak?
https://www.threads.com/@dheacory/post/DVNOf_8EpIa?xmt=AQG0FeDDdBUZGK3Bi9KCUDrnrioom0JJMTNbx8vEchUVTg,dheacory,2026-02-26,"Enggak bang, hanya protein dan sayur"
https://www.threads.com/@dheacory/post/DVNOf_8EpIa?xmt=AQG0FeDDdBUZGK3Bi9KCUDrnrioom0JJMTNbx8vEchUVTg,oishi_tv,2026-02-26,Di check pake strip mandiri kak? Setelah atau sebelum makan?
https://www.threads.com/@dheacory/post/DVNOf_8EpIa?xmt=AQG0FeDDdBUZGK3Bi9KCUDrnrioom0JJMTNbx8vEchUVTg,dheacory,2026-02-26,"Tidak kak, ini sedang di rawat kak, jd di chek sama susternya"
https://www.threads.com/@dheacory/post/DVNOf_8EpIa?xmt=AQG0FeDDdBUZGK3Bi9KCUDrnrioom0JJMTNbx8vEchUVTg,oishi_tv,2026-02-26,"Faktornya bs ada bbrp hal, kemungkinan krn lg dirawat RS, hormon mood tidak seimbang. Sy aja klo lagi nemenin ibu wktu dirawat, bawaannya feeling blue, apalagi pasien sdh pasti scr sadar atau tidak, merasa stress. Kebetulan bpkku jg penderita diabetes, beliau saat puasa awalnya tinggi tp skr masuk kategori normal ke tinggi(krn efek lansia). Kuncinya ada di jangan stop mendadak asupan glukosa. Pelan aja Apalagi puasa, ada saat dimana terjadi lonjakan gula saat berbuka"
https://www.threads.com/@dheacory/post/DVNOf_8EpIa?xmt=AQG0FeDDdBUZGK3Bi9KCUDrnrioom0JJMTNbx8vEchUVTg,dheacory,2026-02-26,"Ohh gitu kak, jadi nasi makan aja ya kak"
https://www.threads.com/@dheacory/post/DVNOf_8EpIa?xmt=AQG0FeDDdBUZGK3Bi9KCUDrnrioom0JJMTNbx8vEchUVTg,oishi_tv,2026-02-26,"Normal aja, perbanyak air putih. Klo Bpk ku menghadapi lonjakan kadar gula saat lebaran nanti, tiap hari minum teh kayu manis. Scr medis terbukti dapat meningkatkan sensitifitas insulin. Tp obat ttp diminum"
https://www.threads.com/@dheacory/post/DVNOf_8EpIa?xmt=AQG0FeDDdBUZGK3Bi9KCUDrnrioom0JJMTNbx8vEchUVTg,garyvee,,h Deploy joy for others and don’t allow it to trigger your own insecurities
https://www.threads.com/@dheacory/post/DVNOf_8EpIa?xmt=AQG0FeDDdBUZGK3Bi9KCUDrnrioom0JJMTNbx8vEchUVTg,itschristybowie,,"h My biggest flex is not how much money I make. It’s how much I can afford to say no when something no longer feels fully aligned. This week I made a HUGE pivot in my business. The kind where you cut off a major revenue stream, redesign offers that are already selling, and completely change the structure while everyone else is telling you to just “keep scaling what works.” 😅🙃😅"
https://www.threads.com/@dheacory/post/DVNOf_8EpIa?xmt=AQG0FeDDdBUZGK3Bi9KCUDrnrioom0JJMTNbx8vEchUVTg,laurenlopes.author,,h WHO LIKES RETELLINGS
https://www.threads.com/@dheacory/post/DVNOf_8EpIa?xmt=AQG0FeDDdBUZGK3Bi9KCUDrnrioom0JJMTNbx8vEchUVTg,ellie_annnnne,,h Sometimes I think about the fact that I’m used as an object lesson for what happens when you sin at the church I grew up in and honestly that kinda makes me happy.
https://www.threads.com/@dheacory/post/DVNOf_8EpIa?xmt=AQG0FeDDdBUZGK3Bi9KCUDrnrioom0JJMTNbx8vEchUVTg,feministajones,,h I am currently offering two classes in research methods but Threads think I’m too dumb to know how to research treatments for constipation Amazing.
https://www.threads.com/@wenitr1605/post/DTkDa6_j74O?xmt=AQG0FeDDdBUZGK3Bi9KCUDrnrioom0JJMTNbx8vEchUVTg,wenitr1605,2026-01-16,"Ibuku penderita diabetes ada kira tahun.. obat diabetes rutin diminum tiap pagi, ditambah lagi minum ramuan jahe kunyit sereh dan kayu manis buat bantu nurunin kadar gula nya.. tapi mentok nya turun hanya diangka sebelum makan kadang an.. lalu ada org yg anjurin minum jus buah bit, alhamdulillah baru diminum seminggu ee gula darah puasa nya turun jadi ... Suatu pencapaian yg luar biasa.. ini masih terus konsumsi semoga bisa lepas obat... Aamiin"
https://www.threads.com/@wenitr1605/post/DTkDa6_j74O?xmt=AQG0FeDDdBUZGK3Bi9KCUDrnrioom0JJMTNbx8vEchUVTg,annisyachair,2026-01-16,Akuuu jg sering bikin jus bit kk Aku jg jualin eh banyak yg minat Paling enak mix apel nanas jahe
https://www.threads.com/@wenitr1605/post/DTkDa6_j74O?xmt=AQG0FeDDdBUZGK3Bi9KCUDrnrioom0JJMTNbx8vEchUVTg,mightyellow,2026-01-16,"kalau rutin minum buat bit jangan lebih dari ml per hari kak, dan jangan lupa rutin juga cek fungsi ginjal. Semoga sehat kembali ibunya"
https://www.threads.com/@wenitr1605/post/DTkDa6_j74O?xmt=AQG0FeDDdBUZGK3Bi9KCUDrnrioom0JJMTNbx8vEchUVTg,wenitr1605,2026-01-17,Iya terima kasih kk
https://www.threads.com/@wenitr1605/post/DTkDa6_j74O?xmt=AQG0FeDDdBUZGK3Bi9KCUDrnrioom0JJMTNbx8vEchUVTg,lutfi_bw,2026-01-16,Cara yg paling bagus adalah dgn puasa
https://www.threads.com/@wenitr1605/post/DTkDa6_j74O?xmt=AQG0FeDDdBUZGK3Bi9KCUDrnrioom0JJMTNbx8vEchUVTg,d_darma_wati,2026-01-16,jangan lupa jaga aktivitas fisik dan kelola stress Stress bisa bikin tiba-tiba GD melonjak Salam sehat buat ibunya
https://www.threads.com/@wenitr1605/post/DTkDa6_j74O?xmt=AQG0FeDDdBUZGK3Bi9KCUDrnrioom0JJMTNbx8vEchUVTg,wenitr1605,2026-01-16,"Iya kk, terima kasih doa nya"
https://www.threads.com/@wenitr1605/post/DTkDa6_j74O?xmt=AQG0FeDDdBUZGK3Bi9KCUDrnrioom0JJMTNbx8vEchUVTg,srieharmisiregar,2026-01-17,Bit nya berapa buah dan di jus dengan berapa cc air? Pakai juicer atau blender? Diminum pagi /siang/malam? Diminum perut kosong atau habis makan? Maaf nanya krn sy mau ikutin spt itu
https://www.threads.com/@wenitr1605/post/DTkDa6_j74O?xmt=AQG0FeDDdBUZGK3Bi9KCUDrnrioom0JJMTNbx8vEchUVTg,wenitr1605,2026-01-17,Pake blender kk.. minum nya sore kalo ibuku setelah makan
https://www.threads.com/@wenitr1605/post/DTkDa6_j74O?xmt=AQG0FeDDdBUZGK3Bi9KCUDrnrioom0JJMTNbx8vEchUVTg,nurulainicans,2026-01-16,Selama minum jus..obat dokternya di minum gak kak Terus minum jusnya sehari berapa kali..
https://www.threads.com/@wenitr1605/post/DTkDa6_j74O?xmt=AQG0FeDDdBUZGK3Bi9KCUDrnrioom0JJMTNbx8vEchUVTg,wenitr1605,2026-01-16,"Untuk sementarara ini masih, karna minum jus buah bit nya baru satu minggu... Tapi gula darah puasa sudah mulai bagus.. minum jus nya sekali sehari saja"
https://www.threads.com/@wenitr1605/post/DTkDa6_j74O?xmt=AQG0FeDDdBUZGK3Bi9KCUDrnrioom0JJMTNbx8vEchUVTg,nurulainicans,2026-01-16,Makasih infonya .karena saya juga diabet
https://www.threads.com/@wenitr1605/post/DTkDa6_j74O?xmt=AQG0FeDDdBUZGK3Bi9KCUDrnrioom0JJMTNbx8vEchUVTg,laukpauksemarang,2026-01-16,Wah terimakasih infonya kak Aku mau coba juga Guldar tdnya Tp pengen jadi normal guldarnya
https://www.threads.com/@wenitr1605/post/DTkDa6_j74O?xmt=AQG0FeDDdBUZGK3Bi9KCUDrnrioom0JJMTNbx8vEchUVTg,wenitr1605,2026-01-16,"Aamiin coba aja kak, btw minum jus buah bit beserta ampas nya ya kak, karna ibuku seperti itu minum nya..."
https://www.threads.com/@wenitr1605/post/DTkDa6_j74O?xmt=AQG0FeDDdBUZGK3Bi9KCUDrnrioom0JJMTNbx8vEchUVTg,dheekahanie,2026-01-17,"Waduh thx masukannya kak...itu jusnya pahit ga y? Blum pernah coba..btw, kalo dokter blum nganjurin lepas obat tetep ya kak ibunya harus minum..diabetes setauku emang harus minum obat"
https://www.threads.com/@wenitr1605/post/DTkDa6_j74O?xmt=AQG0FeDDdBUZGK3Bi9KCUDrnrioom0JJMTNbx8vEchUVTg,wenitr1605,2026-01-17,"Gak pait buah nya kk, seger... Iya masih minum obat jg ibu sy..."
https://www.threads.com/@wenitr1605/post/DTkDa6_j74O?xmt=AQG0FeDDdBUZGK3Bi9KCUDrnrioom0JJMTNbx8vEchUVTg,tigo.wibowo,2026-01-17,"kak, jng bercanda, bit dibilang seger 😁"
https://www.threads.com/@wenitr1605/post/DTkDa6_j74O?xmt=AQG0FeDDdBUZGK3Bi9KCUDrnrioom0JJMTNbx8vEchUVTg,wenitr1605,2026-01-17,Hahaha seger menjurus ke anyep dikit kk 🤭
https://www.threads.com/@wenitr1605/post/DTkDa6_j74O?xmt=AQG0FeDDdBUZGK3Bi9KCUDrnrioom0JJMTNbx8vEchUVTg,annisa.ghina.imaniar,2026-01-17,"Tetep gabisa lepas obat kak, bisa tinggi lagi walaupun tetap minum buah bit, bahaya nanti ginjalnya"
https://www.threads.com/@wenitr1605/post/DTkDa6_j74O?xmt=AQG0FeDDdBUZGK3Bi9KCUDrnrioom0JJMTNbx8vEchUVTg,wenitr1605,2026-01-17,Iya kk terima kasih
https://www.threads.com/@wenitr1605/post/DTkDa6_j74O?xmt=AQG0FeDDdBUZGK3Bi9KCUDrnrioom0JJMTNbx8vEchUVTg,nusantara.pdf,2026-01-17,"Ka kalau dokter sudah ada bilang minum obat seumur hidup tolong ikuti aja apa kata dokter, dokter itu lebih tau. Biasanya kalau obat di stop minum bakal komplikasi."
https://www.threads.com/@wenitr1605/post/DTkDa6_j74O?xmt=AQG0FeDDdBUZGK3Bi9KCUDrnrioom0JJMTNbx8vEchUVTg,liongvincentchristian,2026-01-17,Masalahnya tidak ada penyakit yg bisa beneran sembuh. Yang ada cuma meredam gejala. Rutin meredam sambil diperhitungkan efek samping obat akan mengakibatkan perlu obat lain. Idealnya tindakan meredam tidak memiliki efek samping sehingga aman jika pemakaian terus menumpuk seumur hidup.
https://www.threads.com/@wenitr1605/post/DTkDa6_j74O?xmt=AQG0FeDDdBUZGK3Bi9KCUDrnrioom0JJMTNbx8vEchUVTg,sag.ittaria,2026-01-17,"Jaga makan, olahraga setelah makan, jangan lepas obat tanpa rekomendasi dokter ya. Konsultasikan juga ke dokternya apakah boleh minum jus bit seperti itu, takut ada efek sampingnya. Saya hanya minum obat dokter, jaga pola hidup sehat, alhamdulillah lepas obat. Semoga ibunya bisa lepas obat juga ya🙂"
https://www.threads.com/@wenitr1605/post/DTkDa6_j74O?xmt=AQG0FeDDdBUZGK3Bi9KCUDrnrioom0JJMTNbx8vEchUVTg,wenitr1605,2026-01-17,Aamiinn makasih kk
https://www.threads.com/@wenitr1605/post/DTkDa6_j74O?xmt=AQG0FeDDdBUZGK3Bi9KCUDrnrioom0JJMTNbx8vEchUVTg,yuliyeti16,2026-01-16,Minum jusnya kapan? Apa sebelum sarapan apa kapan saja?
https://www.threads.com/@wenitr1605/post/DTkDa6_j74O?xmt=AQG0FeDDdBUZGK3Bi9KCUDrnrioom0JJMTNbx8vEchUVTg,wenitr1605,2026-01-17,Kalo ibuku biasanya sore hari kk
https://www.threads.com/@wenitr1605/post/DTkDa6_j74O?xmt=AQG0FeDDdBUZGK3Bi9KCUDrnrioom0JJMTNbx8vEchUVTg,triwahyuni_sk,2026-01-16,Minumnya berapa kali sehari? Berapa gelas?
https://www.threads.com/@wenitr1605/post/DTkDa6_j74O?xmt=AQG0FeDDdBUZGK3Bi9KCUDrnrioom0JJMTNbx8vEchUVTg,wenitr1605,2026-01-16,Minum nya cukup kali sehari.. buah bit nya dijus dgn sedikit air lalu diminum beserta ampasnya
https://www.threads.com/@wenitr1605/post/DTkDa6_j74O?xmt=AQG0FeDDdBUZGK3Bi9KCUDrnrioom0JJMTNbx8vEchUVTg,gendhismomy,2026-01-16,Berarti mentah yaa? Soalnya ada jg yg ngasih tau bisa minum rebusannya
https://www.threads.com/@wenitr1605/post/DTkDa6_j74O?xmt=AQG0FeDDdBUZGK3Bi9KCUDrnrioom0JJMTNbx8vEchUVTg,wenitr1605,2026-01-16,Kalo ibuku di jus mentah kk
https://www.threads.com/@wenitr1605/post/DTkDa6_j74O?xmt=AQG0FeDDdBUZGK3Bi9KCUDrnrioom0JJMTNbx8vEchUVTg,candy_mochtar_usman,2026-01-16,Klo gula darah masih tinggi setelah minum obat sebaiknya k Dr Internist di cari penyebabnya
https://www.threads.com/@wenitr1605/post/DTkDa6_j74O?xmt=AQG0FeDDdBUZGK3Bi9KCUDrnrioom0JJMTNbx8vEchUVTg,vivi.hannafi,2026-01-17,Kalo saya lebih suka di makan mentah enak mirip bengkuang rasanya
https://www.threads.com/@wenitr1605/post/DTkDa6_j74O?xmt=AQG0FeDDdBUZGK3Bi9KCUDrnrioom0JJMTNbx8vEchUVTg,governorshapiro,,"h ALL of our neighboring states have raised their minimum wage. If we want our next generation to stay here in Pennsylvania and contribute to our economy, then we need to raise our minimum wage. The PA House has done its part. It’s time for Senate Republicans to follow their lead."
https://www.threads.com/@wenitr1605/post/DTkDa6_j74O?xmt=AQG0FeDDdBUZGK3Bi9KCUDrnrioom0JJMTNbx8vEchUVTg,ellen_mint_author,,h Remember when MAGA were threatening to turn Trump into a second pope?
https://www.threads.com/@wenitr1605/post/DTkDa6_j74O?xmt=AQG0FeDDdBUZGK3Bi9KCUDrnrioom0JJMTNbx8vEchUVTg,her.name.is.what,,chronicillness h I saw the post of the woman who said she gets enraged when childless people say they're tired. *Laughs in chronic illness and post-exertional malaise*
https://www.threads.com/@wenitr1605/post/DTkDa6_j74O?xmt=AQG0FeDDdBUZGK3Bi9KCUDrnrioom0JJMTNbx8vEchUVTg,tsmarymagdalene,,h changing my name to Dusty Nugget
https://www.threads.com/@wenitr1605/post/DTkDa6_j74O?xmt=AQG0FeDDdBUZGK3Bi9KCUDrnrioom0JJMTNbx8vEchUVTg,jjackyliang,,h sentiment is slowly shifting against a certain lab
https://www.threads.com/@shirouchaaa/post/DVVkKgmgXFz?xmt=AQG0FeDDdBUZGK3Bi9KCUDrnrioom0JJMTNbx8vEchUVTg,shirouchaaa,2026-03-01,"Temanku baru saja meninggal karena diabetes udah cuci darah seminggu x. Karena minum kukubima dll. Ga tau selebihnya Sedangkan aku juga mayan parah minumnya, minuman racikan kopi gula aren eskrim, kadang kukubima dll. Ga olahraga. Kalau boleh tau ada yang tau nggak sih ciri atau gejala diabetes yang akan memburuk?"
https://www.threads.com/@shirouchaaa/post/DVVkKgmgXFz?xmt=AQG0FeDDdBUZGK3Bi9KCUDrnrioom0JJMTNbx8vEchUVTg,shirouchaaa,2026-03-01,Ngeri baca komentar nya. 😭
https://www.threads.com/@shirouchaaa/post/DVVkKgmgXFz?xmt=AQG0FeDDdBUZGK3Bi9KCUDrnrioom0JJMTNbx8vEchUVTg,aldipungki,2026-03-01,"Bukan ngeri kita hanya menasehati saja , saya diabetes+hipertensi di usia tahun ketahuan diabetes hipertensi di usia gaya hidup di rubah lebih sehat + obat dan rajin kontrol dan cek gula+tensi alhamdulillah sdh lebih stabil intinya segera cek daripada nunggu ada komplikasi"
https://www.threads.com/@shirouchaaa/post/DVVkKgmgXFz?xmt=AQG0FeDDdBUZGK3Bi9KCUDrnrioom0JJMTNbx8vEchUVTg,aldipungki,2026-03-01,"Hipertensi kalau tidak terkontrol yang kena bisa jantung, ginjal, struk , diabet kalau tidak segera di kontrol yang kena bisa ke mana² sama serperti hioertensi + kalau mata jadi kabur sampai buta , luka tidak bisa kunjung sembuh bisa berahir amputasi dll"
https://www.threads.com/@shirouchaaa/post/DVVkKgmgXFz?xmt=AQG0FeDDdBUZGK3Bi9KCUDrnrioom0JJMTNbx8vEchUVTg,shirouchaaa,2026-03-02,"Terimakasih sudah kasih saran. Aku bingung balas gimana karena agak takut aja, tapi aku baca kok."
https://www.threads.com/@shirouchaaa/post/DVVkKgmgXFz?xmt=AQG0FeDDdBUZGK3Bi9KCUDrnrioom0JJMTNbx8vEchUVTg,aldipungki,2026-03-01,"Diabet tidak akan terasa sama seperti hipertensi , kalaumau cek darah gula puasa sama gula pp , tapi ciri umumnya suka kencing malam hari tidak hanya sekali bisa berulang kali ada yang mata kabur , bb turun drastis tapi paling rnak cek gula darah saja intinya kalau gula puasa di atas itu sdh masuk pre kalau diatas - sdh diabetes gula pp di atas sdh pasti diabetes"
https://www.threads.com/@shirouchaaa/post/DVVkKgmgXFz?xmt=AQG0FeDDdBUZGK3Bi9KCUDrnrioom0JJMTNbx8vEchUVTg,aldipungki,2026-03-01,Sedini mungkin ketahuan akan meminimalisir kerusakan organ mau diabet ataupun hipertensi dan pasti kalau sdh + harus minum obat tidak boleh putus karena itu initinya
https://www.threads.com/@shirouchaaa/post/DVVkKgmgXFz?xmt=AQG0FeDDdBUZGK3Bi9KCUDrnrioom0JJMTNbx8vEchUVTg,mataharijinggaaja,2026-03-01,"Ke lab aja ka test hba c. Karena gejala beda beda Ketiduran di kantor, lagi meeting tau ngorok, leher hitam, siku hitam, ada kutil tumbuh, kesemutan, gatal gatal, luka ga sembuh, pipis terus terutama kebangun saat tidur buat pipis."
https://www.threads.com/@shirouchaaa/post/DVVkKgmgXFz?xmt=AQG0FeDDdBUZGK3Bi9KCUDrnrioom0JJMTNbx8vEchUVTg,hutagalungfm,2026-03-02,"Kalau cuma buat tegakkin diagnosis ga perlu amat sih periksa hba c, cuku gula darah puasa dan jam stlah ditambah gejala P"
https://www.threads.com/@shirouchaaa/post/DVVkKgmgXFz?xmt=AQG0FeDDdBUZGK3Bi9KCUDrnrioom0JJMTNbx8vEchUVTg,story_of_redward,2026-03-01,diabetes itu lebih banyak dpengaruhi oleh keturunan...apabila ortu atau kakek nenek ada yg diabetes ..kemungkinan % lebih akan terkena...apabila tdk ada...menurut saya aman aman saja ....paling paling kl makannya tdk terkontrol ya ujung nya kena kolesterol Dan stroke pembuluh darah
https://www.threads.com/@shirouchaaa/post/DVVkKgmgXFz?xmt=AQG0FeDDdBUZGK3Bi9KCUDrnrioom0JJMTNbx8vEchUVTg,yogsadius,2026-03-01,Bang puasa jam trus lngsung ke lab rumah sakit aja. Ambil paket MCU darah lengkap. Kalau perut abang besar sklian usg abdomen juga. Buat kira kira cek darah urin lengkap itu - njuta. Yang sama paket ekg ronsen usg abdomen diatas itu Lebih baik deteksi sejak dini bang. Diabetes “the mother of all desease” Pintu komplikasi berbagai penyakit
https://www.threads.com/@shirouchaaa/post/DVVkKgmgXFz?xmt=AQG0FeDDdBUZGK3Bi9KCUDrnrioom0JJMTNbx8vEchUVTg,magdalena_aqnes,2026-03-01,"Suka haus, pipis terus, lapar tak tertahankan tp BB turun drastis. Klu mau tahu sebaiknya tes gula darah. Mulai skrg stop dulu minum manis, sirup². Makan nasi putih msh OK tp ya jumlahnya disesuaikan yg bagus. Klu uda kena diabetes, ada obat yg hrs rajin dikonsumsi spy gula darah terkontrol."
https://www.threads.com/@shirouchaaa/post/DVVkKgmgXFz?xmt=AQG0FeDDdBUZGK3Bi9KCUDrnrioom0JJMTNbx8vEchUVTg,icaica1203,2026-03-02,Malam sring kencing Sering lapar walau makan banyak Ngantukan Badan tiba kurus
https://www.threads.com/@shirouchaaa/post/DVVkKgmgXFz?xmt=AQG0FeDDdBUZGK3Bi9KCUDrnrioom0JJMTNbx8vEchUVTg,yokky_s777,2026-03-01,"Tdk usah meraba . Tdk usah mengira . Ke lab saja. Periksa: HBA C, GD puasa, GD jpp. Biar jelas. Soale klo bicara gejala, biasanya stadium awal blm bergejala. Gangguan organ klo sdh std lanjut, baru memberikan gejala & keluhan. Skalian cek jg bgmn fungsi ginjalnya di lab."
https://www.threads.com/@shirouchaaa/post/DVVkKgmgXFz?xmt=AQG0FeDDdBUZGK3Bi9KCUDrnrioom0JJMTNbx8vEchUVTg,pringadisurya,2026-03-01,Tes darah saja sudah. Kalau angkanya lewat batas tertentu ya sudah diabetes. Kalau angkanya kelewat banyak ya parah.
https://www.threads.com/@shirouchaaa/post/DVVkKgmgXFz?xmt=AQG0FeDDdBUZGK3Bi9KCUDrnrioom0JJMTNbx8vEchUVTg,vanepan13,2026-03-01,Kulit leher hitam
https://www.threads.com/@shirouchaaa/post/DVVkKgmgXFz?xmt=AQG0FeDDdBUZGK3Bi9KCUDrnrioom0JJMTNbx8vEchUVTg,han.dy88,2026-03-02,Yg bner bang ? Kok baru denger
https://www.threads.com/@shirouchaaa/post/DVVkKgmgXFz?xmt=AQG0FeDDdBUZGK3Bi9KCUDrnrioom0JJMTNbx8vEchUVTg,ancancah,2026-03-01,"Saya diabetes type ...saran saya cek gula darah aja ke dokter/puskesmas/ atau rumah sakit..atau bisa beli alat cek gula darah (glucometer)..klo hasilnya jam setelah makan dibawah mg/dl..berarti aman..klo diatas - mg/dl berarti pradiabetes..diatas mg/dl diabetes,"
https://www.threads.com/@shirouchaaa/post/DVVkKgmgXFz?xmt=AQG0FeDDdBUZGK3Bi9KCUDrnrioom0JJMTNbx8vEchUVTg,cerlta_kakl,2026-03-31,"seperti yg abang bilang. luruskan mindset. positif thinking & jaga hati. cukup kepala yg mumet tp jgn ijinin bawa masuk kehati. klo mindset udh sehat, inshaaAllah utk ngembaliin kesehatan fisik jd lebih memungkinkan. Mudah an 🙏🏼"
https://www.threads.com/@shirouchaaa/post/DVVkKgmgXFz?xmt=AQG0FeDDdBUZGK3Bi9KCUDrnrioom0JJMTNbx8vEchUVTg,hasan.muharram,2026-03-02,Kaki bengkak di bagian punggung kaki. Pergelangan kaki dan sekitar jempol terasa nyeri. Perubahan warna kulit pada punggung kaki san sekitar jari kaki.
https://www.threads.com/@shirouchaaa/post/DVVkKgmgXFz?xmt=AQG0FeDDdBUZGK3Bi9KCUDrnrioom0JJMTNbx8vEchUVTg,hendrik_awuy,2026-03-02,Percayalah. Kalau ciri diabetes sudah muncul bisa dibilang sudah parah. Jadi lebih baik stop langsung atau langsung rajin beli polis asuransi
https://www.threads.com/@shirouchaaa/post/DVVkKgmgXFz?xmt=AQG0FeDDdBUZGK3Bi9KCUDrnrioom0JJMTNbx8vEchUVTg,programmer30an,2026-03-01,Kukub*ma emang enak tuh. Makanya aku gak sering-sering minumnya. Mending kopi item sih cuman ya namanya manusia ya normal craving minuman yang manis-manis begitu
https://www.threads.com/@shirouchaaa/post/DVVkKgmgXFz?xmt=AQG0FeDDdBUZGK3Bi9KCUDrnrioom0JJMTNbx8vEchUVTg,shinta_traveller01,2026-03-02,"Salah satu cirinya sering kencing di malam hari, jd kalau kencing lebih dari x langsung cek gula darahnya aja"
https://www.threads.com/@shirouchaaa/post/DVVkKgmgXFz?xmt=AQG0FeDDdBUZGK3Bi9KCUDrnrioom0JJMTNbx8vEchUVTg,bjornnesy,2026-03-01,"jam setelah makan pergi ke apotik, minta cek gula darah. klo gula darah tembus antara - itu berarti lu masuk pre-diabetes, tapi klo udah diatas lu fix udah kena diabetes. tahu kan kenapa diabetes disebut silent killer? karena klo badan lu udah limit lu bakal kolaps tanpa warning"
https://www.threads.com/@shirouchaaa/post/DVVkKgmgXFz?xmt=AQG0FeDDdBUZGK3Bi9KCUDrnrioom0JJMTNbx8vEchUVTg,erina_azz16,2026-03-02,Cek lab ke puskesmas aja bang pakai BPJS gratis. Bilang mau cek darah lengkap. Kalo bayar pun paling rb an. Aku dan suamiku tiap bulan sekali cek di puskesmas
https://www.threads.com/@shirouchaaa/post/DVVkKgmgXFz?xmt=AQG0FeDDdBUZGK3Bi9KCUDrnrioom0JJMTNbx8vEchUVTg,ihsan_azf,2026-03-01,cek gula darah aja bang.. mayan terjangkau itu diklinik.. kalau dari fisik temen ane yg kena diabetes.. (maaf) lehernya gelap bang.. 🙏
https://www.threads.com/@shirouchaaa/post/DVVkKgmgXFz?xmt=AQG0FeDDdBUZGK3Bi9KCUDrnrioom0JJMTNbx8vEchUVTg,idahapsarii,2026-03-04,"aku penderita diabetes, dulu gejala awal sering pipis malem hari, mudah haus & laper juga. minuman kemasan dihindari kak, kalo pengen minum manis pake gula pengganti nulife sweetener/stevia biar lebih aman"
https://www.threads.com/@shirouchaaa/post/DVVkKgmgXFz?xmt=AQG0FeDDdBUZGK3Bi9KCUDrnrioom0JJMTNbx8vEchUVTg,fananigram,2026-03-02,Rajin Olahraga pun ginjal tetep kerja keras nyaring minuman itu.. minum oralit aja klo suka olahraga..ama penuhi kebutuhan air putih itu wajib. .
https://www.threads.com/@shirouchaaa/post/DVVkKgmgXFz?xmt=AQG0FeDDdBUZGK3Bi9KCUDrnrioom0JJMTNbx8vEchUVTg,elsa.harlie,2026-03-06,"mudah laper, sering pipis, ngantukan. kalo berasa udah kerasa itu rutin olahraga angkat beban, otot bisa nyerap glukosa. kalo pengen minum manis ganti gula nya pake nulife diabetasol biar aman"
https://www.threads.com/@shirouchaaa/post/DVVkKgmgXFz?xmt=AQG0FeDDdBUZGK3Bi9KCUDrnrioom0JJMTNbx8vEchUVTg,knewgoat,,h I don’t know which artists needs to hear this but Biggie gave the world albums and yall still can’t touch him.
https://www.threads.com/@shirouchaaa/post/DVVkKgmgXFz?xmt=AQG0FeDDdBUZGK3Bi9KCUDrnrioom0JJMTNbx8vEchUVTg,anarchotradwife,,"h at this point I firmly believe that ""it's not left vs. right, it's top vs. bottom"" is an anti-communist psyop disguised as class consciousness, based purely on how many normies latched on to it immediately and how it seems designed to muddy the waters of political discourse by ignoring the entire history of explicitly left-wing organizing in the US"
https://www.threads.com/@shirouchaaa/post/DVVkKgmgXFz?xmt=AQG0FeDDdBUZGK3Bi9KCUDrnrioom0JJMTNbx8vEchUVTg,aliahsheffield,,h This content is unavailable
https://www.threads.com/@shirouchaaa/post/DVVkKgmgXFz?xmt=AQG0FeDDdBUZGK3Bi9KCUDrnrioom0JJMTNbx8vEchUVTg,thejustinwelsh,,"h The longer I'm alive, the more I notice that % of people overcomplicate living well. Learn to earn money on your own, keep yourself in good physical shape, and build strong relationships. Congrats. You've won."
https://www.threads.com/@shirouchaaa/post/DVVkKgmgXFz?xmt=AQG0FeDDdBUZGK3Bi9KCUDrnrioom0JJMTNbx8vEchUVTg,pschoett,,h We're talking about voting law controversies in Intro to American Politics today so I have to go and update my slide where I present an outline of the Voting Rights Act and update it for yet another precedent -breaking Supreme Court decision... *sigh*
https://www.threads.com/@roycelimindra/post/DVsVPuLknNL?xmt=AQG0FeDDdBUZGK3Bi9KCUDrnrioom0JJMTNbx8vEchUVTg,roycelimindra,2026-03-10,"Setelah tahun rutin melakukan Medical Check Up (pemeriksaan kesehatan umum) untuk deteksi penyakit di usia tahun akhirnya saya sadar kesalahan ini : [Catatan : bukan saran medis, ini hanyalah perenungan dari sisi pasien] Penyakit tidak datang tiba tiba, diabetes selalu datang dari pre diabetes dan Gula Darah Puasa yang terlihat lebih tinggi. Gagal ginjal Kronis tidak terjadi tiba tiba, tetapi dari tensi tinggi, gejala asam urat tinggi dan penurunan fungsi ginjal secara bertahap."
https://www.threads.com/@roycelimindra/post/DVsVPuLknNL?xmt=AQG0FeDDdBUZGK3Bi9KCUDrnrioom0JJMTNbx8vEchUVTg,roycelimindra,2026-03-10,MCU untuk deteksi dini penyakit sebelum sakitnya parah Dan sudah terlambat untuk ditangani Berikut adalah alasan kenapa banyak orang tidak melakukan MCU / deteksi dini : . Biayanya mahal atau alasan ekonomi . Gak rela keluar uang setahun sekali untuk deteksi dini . Takut menghadapi kenyataan kalau badannya gak sehat . Merasa cek Darah tidak penting / merasa sehat karena tidak ada gejala sakit . Tidak tau untuk apa dan apa saja yg harus dicek / ketidaktahuan tentang kesehatan
https://www.threads.com/@roycelimindra/post/DVsVPuLknNL?xmt=AQG0FeDDdBUZGK3Bi9KCUDrnrioom0JJMTNbx8vEchUVTg,roycelimindra,2026-03-10,"Tidak pernah MCU menjadi risiko ketika sudah sakit (umumnya sudah parah) Sedangkan orang orang yang rutin melakukan MCU ternyata juga gak luput dari kesalahan Kesalahan orang yg MCU : - mereka cek, tapi mereka bandel atau tidak mengerjakan PR bagian mana dari kesehatan mereka yg perlu jadi perhatian khusus untuk segera diperbaiki Mereka tidak mengubah pola makan, mereka juga tidak mengubah gaya hidup sehingga Tujuan MCU supaya orang melakukan Perubahan supaya lebih sehat tidak terjadi"
https://www.threads.com/@roycelimindra/post/DVsVPuLknNL?xmt=AQG0FeDDdBUZGK3Bi9KCUDrnrioom0JJMTNbx8vEchUVTg,roycelimindra,2026-03-10,"Barusan sy konsultasi dengan teman sy seorang dokter, beliau mengatakan bahwa ada kesalahan minor Namun jarang disadari yaitu : - mereka yg rutin Check Up Namun mereka lalai dan tidak membandingkan hasil terdahulu dengan hasil terkini setelah mereka melakukan Perubahan pola makan Dan olahraga Tujuan dari membandingkan adalah mengkonfirmasi Dan mengkoreksi pola makan, olahraga, dan gaya hidup kita sehingga kita tau dengan pasti apa yg kita lakukan LAYAK DIPERJUANGKAN Ada yg mau menambahkan?"
https://www.threads.com/@roycelimindra/post/DVsVPuLknNL?xmt=AQG0FeDDdBUZGK3Bi9KCUDrnrioom0JJMTNbx8vEchUVTg,roycelimindra,2026-03-10,Buat temen temen yg baca UTAS saya apa aja yg perlu diperiksa pada saat MCU untuk deteksi awal penyakit bisa nonton ini Ijin share ya Dok @dokterdecsa 🙏🙏🙏 Terima kasih Pak Dokter youtu.be/ ZZn… youtube.com Medical Check Up (MCU) : Cara TERBAIK memonitor KESEHATANMU dari PENYAKIT TERSEMBUNYI
https://www.threads.com/@roycelimindra/post/DVsVPuLknNL?xmt=AQG0FeDDdBUZGK3Bi9KCUDrnrioom0JJMTNbx8vEchUVTg,arsulakso,2026-03-10,Prediabetes kl ga diobati akna jadi diabetes beneran. Paling diperlambat jika gaya hidup sehat. Jika diobati mungkin akan reverse
https://www.threads.com/@roycelimindra/post/DVsVPuLknNL?xmt=AQG0FeDDdBUZGK3Bi9KCUDrnrioom0JJMTNbx8vEchUVTg,roycelimindra,2026-03-10,"Benar, prediabetes lebih mudah diobati daripada diabetes Deteksi dini bisa segera merubah pola makan Dan gaya hidup, itulah fungsinya Medical Check Up Terima kasih sudah berkomentar 😊🙏"
https://www.threads.com/@roycelimindra/post/DVsVPuLknNL?xmt=AQG0FeDDdBUZGK3Bi9KCUDrnrioom0JJMTNbx8vEchUVTg,kuntadewii,2026-04-06,"Diabetes maupun hipertensi itu silent killer, merusak dari dalam. Semenjak ibuku kena diabetes mikir banget kondisi ibuku, mikir diriku sendiri apakah akan turun ke anaknya. Sampai skrng ga pernah stok gula lagi dirumah, aku kalo masak atau bikin minum manis pake gula pengganti nulife diabetasol atau Stevia, takut banget kalo pake gula"
https://www.threads.com/@roycelimindra/post/DVsVPuLknNL?xmt=AQG0FeDDdBUZGK3Bi9KCUDrnrioom0JJMTNbx8vEchUVTg,roycelimindra,2026-04-06,"Keren Kesadarannya kak 😊🙏 Uji cerita : saya skrg sudah menemukan keseimbangan antara pola makan yg nyaman, Namun tetap menjaga risiko diabetes tetap rendah, daripada hidup dalam ketakutan. Fyi di kepala sy ada tumor yg mana sedang saya jaga supaya tidak kembali besar. Thn ukurannya cm kubik Sekarang ukurannya cm kubik Mungkin mengecil karena Pola makan sy rendah karbohidrat Dan rendah gula"
https://www.threads.com/@roycelimindra/post/DVsVPuLknNL?xmt=AQG0FeDDdBUZGK3Bi9KCUDrnrioom0JJMTNbx8vEchUVTg,roycelimindra,2026-04-06,"Kita mesti menemukan ""Dietary Adherence"" versi kita sendiri yang Artinya : kepatuhan, ketaatan, kesetiaan terhadap aturan, rekomendasi pola makan yg sedang kita jalankan. Sejauh mana kita bisa patuh, taat Dan hasilnya bagus atau jelek, penilaian dilakukan di Medical Check Up, PR apa yg perlu kita perbaiki Sehat sehat selalu kak 😊🙏"
https://www.threads.com/@roycelimindra/post/DVsVPuLknNL?xmt=AQG0FeDDdBUZGK3Bi9KCUDrnrioom0JJMTNbx8vEchUVTg,andymahendr,2026-03-10,"Ijin menambahkan, yaitu kemampuan kita orang awam utk membaca sendiri hasil mcu kita.. Dengan memahami angka yg tertera, kita bisa validasi pemahaman kita bersama tenaga kesehatan nanti saat konsul.. Angka itu representasi kita, dan harusnya kita yg paling memahami diri kita sendiri.. Imho..😊👍"
https://www.threads.com/@roycelimindra/post/DVsVPuLknNL?xmt=AQG0FeDDdBUZGK3Bi9KCUDrnrioom0JJMTNbx8vEchUVTg,roycelimindra,2026-03-10,Ini bener banget 💯 Seratus buat kakak Sebagai contoh : Jika SGOT nya tinggi (ini biasanya orgnya suka minum alkohol) Jika SGPT tinggi (kemungkinan besar orgnya obesitas Dan perutnya buncit) Terima kasih sudah berkomentar
https://www.threads.com/@roycelimindra/post/DVsVPuLknNL?xmt=AQG0FeDDdBUZGK3Bi9KCUDrnrioom0JJMTNbx8vEchUVTg,enung_nurbadzuri,2026-03-10,"Besok jadwal saya cek diabetes, asam urat dan kolesterol.. Tiap bulan rutin cek hal itu.. Tapi saya bingung. Bagusnya di jam berapa yaa cek gula darahnya ? Saya baru cek cek itu aja. Yang lainnya belum. Soalnya ke rumah sakit jaraknya jauh. Mendengerkan penjelasannya jadi pengen MCU deh. Benerann deh harus maksain."
https://www.threads.com/@roycelimindra/post/DVsVPuLknNL?xmt=AQG0FeDDdBUZGK3Bi9KCUDrnrioom0JJMTNbx8vEchUVTg,roycelimindra,2026-03-10,"Bagusnya jam setelah terakhir kali kakak makan malam. Misal jam makan malam, maka cek nya jam pagi, jangan jam pagi karena puasa jam jadinya gambaran gula darah jadi terlalu bagus, alias kurang akurat 🙏 Sebaiknya MCU kak Cek gula darah, asam urat Dan kolesterol hanya digunakan jika kondisi diabetes saja"
https://www.threads.com/@roycelimindra/post/DVsVPuLknNL?xmt=AQG0FeDDdBUZGK3Bi9KCUDrnrioom0JJMTNbx8vEchUVTg,liaikromah,2026-03-10,Om doain ya semoga tahun ini saya memberanikan diri buat MCU Karna udh masuk usia thn
https://www.threads.com/@roycelimindra/post/DVsVPuLknNL?xmt=AQG0FeDDdBUZGK3Bi9KCUDrnrioom0JJMTNbx8vEchUVTg,roycelimindra,2026-03-11,"Semoga hasilnya bagus 💯 Hasil lab bukanlah sesuatu yg perlu ditakuti kecuali kakak datang dengan kondisi gangguan kesehatan yg mengarah pada organ ginjal (bisa kok dibaca di Internet) Jika hasilnya Gula darah tinggi, komposisi kolesterol jelek, asam urat, hati mengarah pada perlemakan, yang seperti ini tinggal diubah pola makan Dan gaya hidup nya aja Dan bagi kebanyakan orang, perubahan makan Dan gaya hidup lebih sulit daripada sekedar tarik darah dan melihat hasilnya Semangat kak ✊"
https://www.threads.com/@roycelimindra/post/DVsVPuLknNL?xmt=AQG0FeDDdBUZGK3Bi9KCUDrnrioom0JJMTNbx8vEchUVTg,liaikromah,2026-03-11,Alhamdullilah udh tahun ini udh ubah pola makan Cuma gak berani untuk MCU Takut bawaan ny Takut sama hasil ny
https://www.threads.com/@roycelimindra/post/DVsVPuLknNL?xmt=AQG0FeDDdBUZGK3Bi9KCUDrnrioom0JJMTNbx8vEchUVTg,roycelimindra,2026-03-11,"Lebih Takut lagi kalau cek lab saat sudah sakit kak Mungkin bukan Takut, tapi belum siap untuk tau"
https://www.threads.com/@roycelimindra/post/DVsVPuLknNL?xmt=AQG0FeDDdBUZGK3Bi9KCUDrnrioom0JJMTNbx8vEchUVTg,liaikromah,2026-03-11,Terimakasih ya om untuk support ny
https://www.threads.com/@roycelimindra/post/DVsVPuLknNL?xmt=AQG0FeDDdBUZGK3Bi9KCUDrnrioom0JJMTNbx8vEchUVTg,rheny_indrawati,2026-03-10,Dan biasanya ada perbedaan hasil antara lab satu dengan lab yang lain.. Itu gimana kak???
https://www.threads.com/@roycelimindra/post/DVsVPuLknNL?xmt=AQG0FeDDdBUZGK3Bi9KCUDrnrioom0JJMTNbx8vEchUVTg,roycelimindra,2026-03-10,"Sesama Lab swasta Dan lab RS sy Belum pernah membandingkan, umumnya hasilnya gak terlalu berbeda Namun jika membandingkan lab Dan puskesmas ini bisa berbeda jauh. Misalnya alat cek tusuk jari (GD, asam urat, dan Total Kolesterol) dibanding pengecekan dari darah yg diambil dari pembuluh darah. Puskesmas pasti tidak selengkap lab, puskesmas hanya pengecekan darah yg umum umum saja, sedangkan lab besar selain cek darah, juga ada alat USG, sinar X, dan MRI Kira kira gambarannya seperti ini"
https://www.threads.com/@roycelimindra/post/DVsVPuLknNL?xmt=AQG0FeDDdBUZGK3Bi9KCUDrnrioom0JJMTNbx8vEchUVTg,rheny_indrawati,2026-03-11,Aku periksa di lab. Swasta. Awalnya sih mau periksa di puskesmas cuma dokternya belum kasih. Akhirnya aku ke lab. Swasta. Hasil gula puasaku tinggi klu gak salah ingat . Karna merasa aku beberapa bulan terakhir lagi berusaha mengurangi gula+IF akhirnya aku memutuskan untuk periksa di lab. Swasta yang satunya keesokan harinya. Dan hasil gula puasaku menjadi .
https://www.threads.com/@roycelimindra/post/DVsVPuLknNL?xmt=AQG0FeDDdBUZGK3Bi9KCUDrnrioom0JJMTNbx8vEchUVTg,roycelimindra,2026-03-11,"Bagus kak ketauan Gula darah nya tinggi Ini sy kirimkan panduan pola makan buat Mengontrol gula darah Yg perlu diperhatikan : - IF atau tidak IF tidak jadi masalah sepanjang porsi karbonya dibatasi - saya sehari x makan (tanpa ngemil) Pagi no karbo, stop minuman manis, siang dan malam porsi karbo cm / , lauknya dibanyakin - urutan makan mulai dari Serat, protein Dan karbo makan bersama sama - usahakan jalan kaki menit / naik turun tangga setelah makan berat Semoga segera remisi 🙏"
https://www.threads.com/@roycelimindra/post/DVsVPuLknNL?xmt=AQG0FeDDdBUZGK3Bi9KCUDrnrioom0JJMTNbx8vEchUVTg,rheny_indrawati,2026-03-11,Masalahnya hasil yg satunya normal. Jadi bingung kan?? Ataukah ada hubungannya periksa saat lagi IF??
https://www.threads.com/@roycelimindra/post/DVsVPuLknNL?xmt=AQG0FeDDdBUZGK3Bi9KCUDrnrioom0JJMTNbx8vEchUVTg,piisu.pichuu,2026-03-10,Kalo cek darah di puskes kan harus ada surat pengantar ya. Itu berarti harus periksa ke dokter dulu kah meski ga sakit?
https://www.threads.com/@roycelimindra/post/DVsVPuLknNL?xmt=AQG0FeDDdBUZGK3Bi9KCUDrnrioom0JJMTNbx8vEchUVTg,roycelimindra,2026-03-10,"Gak perlu kak, gak perlu surat pengantar Dari hasil lab, kakak tinggal konsultasi ke dokter untuk baca kan hasilnya"
https://www.threads.com/@roycelimindra/post/DVsVPuLknNL?xmt=AQG0FeDDdBUZGK3Bi9KCUDrnrioom0JJMTNbx8vEchUVTg,itskatarnett,,h The thing about being told you’ll be left behind if you don’t use AI is that the argument presumes I want to go where they’re going. But I don’t. I can’t be late to a party I had no intention of ever attending.
https://www.threads.com/@roycelimindra/post/DVsVPuLknNL?xmt=AQG0FeDDdBUZGK3Bi9KCUDrnrioom0JJMTNbx8vEchUVTg,ericamvogel,,"h Y’all, my -year-old son is in his first major relationship, and it's so cute, and it makes me so happy to see him flourish with his girlfriend."
https://www.threads.com/@roycelimindra/post/DVsVPuLknNL?xmt=AQG0FeDDdBUZGK3Bi9KCUDrnrioom0JJMTNbx8vEchUVTg,hormozi,,"h If both people feel like they got the better end of the deal, you should do the deal. Applies to the most important deals in life: marriage, business, and splitting cookies."
https://www.threads.com/@roycelimindra/post/DVsVPuLknNL?xmt=AQG0FeDDdBUZGK3Bi9KCUDrnrioom0JJMTNbx8vEchUVTg,mwi.invest,,"AI Threads h Next week, Google will announce/release: Gemini % Gemini % Both % Show results % votes · Ends in : :"
https://www.threads.com/@roycelimindra/post/DVsVPuLknNL?xmt=AQG0FeDDdBUZGK3Bi9KCUDrnrioom0JJMTNbx8vEchUVTg,radthanael,,"h Chicago is a cool city. The food scene, the river bifurcating downtown, the really big lake. I didn’t love when one of its citizens crunched the side of my rental car because he thought he could merge *through* me, but all in all? This is a great place. I need to see if I can get over to Wrigley."
