no,id,url,date,text_clean
1,797300642305818624,https://x.com/daffana/status/797300642305818624,2016-11-12,"MinyakKutusKutusAjaib sdh menyembuhkan byk penyakit spt diabetes, osteoporosis, asma dll, byk testimoni ttg itu HKN2016"
2,797364909021405184,https://x.com/Tempo_Plus/status/797364909021405184,2016-11-12,"Pahami Penyakit Diabetes Secara Benar, Ini Kata Dokter"
3,797589922014183424,https://x.com/TropicanaSlim/status/797589922014183424,2016-11-13,Penyakit diabetes hanya disebabkan oleh tingginya konsumsi gula. Benarkah ? Apa Cuma mitos ya ?
4,797597436739022848,https://x.com/TropicanaSlim/status/797597436739022848,2016-11-13,"Olahraga dan aktivitas fisik yg teratur dapat menurunkan risiko penyakit jantung, stroke, tekanan darah tinggi serta diabetes !"
5,797629382726557696,https://x.com/iwan_wannn/status/797629382726557696,2016-11-13,"Peduli pd Diabetesi di Indonesia akan penyakit Diabetes, Hias Telapak Tanganmu dgn Icon Smile serta Hands4Diabetes"
6,798133735162056705,https://x.com/buzzbuddies_ID/status/798133735162056705,2016-11-14,"Diabetes saat ini sudah menjadi penyakit pembunuh nomor tiga di Indonesia, lho! Yuk budayakan hidup sehat dari sekarang! buzzynews"
7,798119600743268353,https://x.com/halimaiis/status/798119600743268353,2016-11-14,Dokter spesialis penyakit dalam Siloam Hospitals Kebon Jeruk : Banyak Mitos Seputar Diabetes yang Tidak Benar
8,798103443143421952,https://x.com/greeindonesia/status/798103443143421952,2016-11-14,"Selain pengetahuan yang begitu minim, terdapat banyak alasan lain yang membuat masyarakat tidak terdiagnosa penyakit diabetes."
9,798103139865882624,https://x.com/AlamSuteraInfo/status/798103139865882624,2016-11-14,14 November diperingati sbg Hari Diabetes Sedunia. Peringatan bertujuan mempertinggi kewaspadaan global terhadap resiko penyakit Diabetes.
10,798099939163156480,https://x.com/DonorDarahINFO/status/798099939163156480,2016-11-14,Diabetes merupakan penyakit yang disebabkan oleh peningkatan kadar glukosa dalam darah.
11,798093617176817664,https://x.com/KemenkesRI/status/798093617176817664,2016-11-14,"Dengan pola hidup masyarakat yang sehat maka penyakit diabetes dapat dicegah, Tweeps. dukungGERMAS WDD"
12,798072990042914816,https://x.com/MMGazette/status/798072990042914816,2016-11-14,Penyakit Gusi dan Kehilangan Gigi Pada Pesakit Diabetes Dr. Marini Ismail
13,798118299942981632,https://x.com/ptm_id/status/798118299942981632,2016-11-14,"Yuk promosikan ""blue for diabetes"" sbg simbol kepedulian kita terhadap penyakit diabetes, Sobat Sehat. test2prevent eyesondiabetes WDD"
14,798016352246067201,https://x.com/RadioElshinta/status/798016352246067201,2016-11-14,"LIVE ON! ElshintaSurabaya Ketua Persatuan Diabetes Indonesia (Persadia) Srby, Prof.dr Subagyo: Cara mencegah penyakit diabetes NewsAndTalk"
15,798006742537777152,https://x.com/TissueYaTessa/status/798006742537777152,2016-11-14,"Selamat Hari Diabetes Sedunia. Dalam memperingati hari diabetes sedunia ini, apasih yang kamu tahu tentang penyakit ini, sahabat?"
16,797982414735691776,https://x.com/ptm_id/status/797982414735691776,2016-11-14,Cegah penyakit Diabetes dan selamatkan masa depan kita. test2prevent eyesondiabetes WDD
17,797980045423710208,https://x.com/ahmadlanna/status/797980045423710208,2016-11-14,Hari diabetes sedunia 14 november Semoga manusia di dunia terhindar dari penyakit diabetes ini Aamiin
18,797978307383832576,https://x.com/BakpiaKinanthi/status/797978307383832576,2016-11-14,"14 November adalah hari Diabetes dunia, ada yang tau apa itu diabetes? Diabetes bukan penyakit"
19,797974848894955520,https://x.com/norgenhealthid/status/797974848894955520,2016-11-14,1 dari 2 orang dewasa yang menderita penyakit diabetes tidak terdiagnosa di dunia. Hari ini merupakan Hari.
20,798027141308780545,https://x.com/officialnova_id/status/798027141308780545,2016-11-14,"Sahabat NOVA, diabetes masih menjadi salah satu penyakit menular mematikan di dunia."
21,798423425958211584,https://x.com/KATADATAcoid/status/798423425958211584,2016-11-15,"Indonesia, Kematian Akibat Penyakit Jantung, Kanker, Diabetes, dan Pernafasan Cukup Tinggi"
22,798834265391665152,https://x.com/CombiCareCenter/status/798834265391665152,2016-11-16,"Pertanyaan kuis, Sebutkan tanaman yang berkhasiat mengobati penyakit diabetes? cek jawabannya di TL kami ya :) CombiKuis"
23,798806592439189505,https://x.com/CombiCareCenter/status/798806592439189505,2016-11-16,Namun ada beberapa tanaman yang berkhasiat mengobati penyakit diabetes. CombiShare
24,798805363671736320,https://x.com/CombiCareCenter/status/798805363671736320,2016-11-16,"Healthy People, Merebaknya penyakit diabetes belakangan memang kian menimbulkan kekhawatiran di kalangan penderitanya. CombiShare"
25,798781298688933888,https://x.com/KemenkesRI/status/798781298688933888,2016-11-16,"Penyakit diabetes 80% dapat dicegah loh, Tweeps. Yuk mulai rutin dengan aktivitas fisik, makan sayur&amp;buah serta cek kesehatan secara berkala"
26,798752462211584000,https://x.com/hiduphealthy/status/798752462211584000,2016-11-16,"Sekarang, penyakit tidak mengenal usia. Kalau lifestyle tidak dijaga, penyakit bisa datang tanpa diundang, termasuk diabetes."
27,798737459710279680,https://x.com/Prodia_Lab/status/798737459710279680,2016-11-16,Diabetes adalah suatu penyakit kronis yang banyak diderita orang dengan berbagai komplikasinya. Berat badan adalah resiko terbesarnya.
28,798706272266690560,https://x.com/KotaJaksel/status/798706272266690560,2016-11-16,"Sbg upaya promotif preventif penyakit tdk menular seperti jantung dan diabetes, HKN ini mulai mempromosikan lg gerakan konsumsi sayur &amp; buah"
29,798681133407842304,https://x.com/1013mfmlive/status/798681133407842304,2016-11-16,"FRESHTIPS: Buah belimbing ternyata bisa sembuhkan berbagai penyakit, seperti demam, bisul, sakit tenggorokan, batuk dan mencegah diabetes."
30,798752465021603842,https://x.com/prosehat/status/798752465021603842,2016-11-16,Diabetes mempengaruhi bbrpa aspek ksehatan lain misalnya ksehatan mulut. Bgmn bs penyakit mulut akibat diabetes? Cek
31,799093992772075521,https://x.com/KemenkesRI/status/799093992772075521,2016-11-17,Yuk mulai cegah penyakit diabetes dukungGERMAS WDD
32,799205006859612160,https://x.com/temponewsroom/status/799205006859612160,2016-11-17,"Diabetes, Penyakit Pembunuh Nomor 3 di Indonesia"
33,799206042697494528,https://x.com/loperkoran/status/799206042697494528,2016-11-17,"Diabetes, Penyakit Pembunuh Nomor 3 di Indonesia loperkoran"
34,799466095040032770,https://x.com/okezonenews/status/799466095040032770,2016-11-18,Penyakit Diabetes Mulai Mengancam Masyarakat Pedesaan
35,799888021478703104,https://x.com/verawaty10/status/799888021478703104,2016-11-19,"Manfaat menjadi seorang vegetarian yaitu terhindar dari : kolesterol,penyakit jantung,stroke,diabetes&amp;batu empedu"
36,799869828215361536,https://x.com/884GlobalRadio/status/799869828215361536,2016-11-19,Globalinfo Penyakit Diabetes Mulai Mengancam Masyarakat Pedesaan
37,799814627970273280,https://x.com/zonempty/status/799814627970273280,2016-11-19,"Ini lho faktor penyebab terjadinya penyakit tidak menular, diabetes misalnya. IndonesiaLawanDiabetes"
38,799807295953567744,https://x.com/arumsukapto/status/799807295953567744,2016-11-19,"Dokter Subuh mengajak masyarakat Indonesia lebih awareness terhadap penyakit, salah satunya Diabetes IndonesiaLawanDiabetes"
39,799817814680834048,https://x.com/KemenkesRI/status/799817814680834048,2016-11-19,"Penyakit diabetes dapat mengurangi produktivitas kerja &amp; tingkat pendapatan,mengurangi kualitas hidup penyandang yg mengarah pada komplikasi"
40,800192222503137280,https://x.com/kefiafiyah17/status/800192222503137280,2016-11-20,Stress juga salah satu pemicu penyakit Diabetes militus indonesialawandiabetes
41,800198121309384704,https://x.com/Noe_Rhida/status/800198121309384704,2016-11-20,penyakit diabetes memang tidak dapat disembuhkan tapi harus atur pola makan agar kadar gula darah terkendali IndonesiaLawanDiabetes
42,800648708119523328,https://x.com/Tabloid_Ku/status/800648708119523328,2016-11-21,"GayaHidup Diabetes melitus memang merupakan penyakit tidak menular (PTM). Meskipun demikian, penyakit ini bisa."
43,800945663399882753,https://x.com/Tabloid_Ku/status/800945663399882753,2016-11-22,"GayaHidup Penyakit diabetes memang penyakit tidak menular (PTM), namun bisa menurunkan kualitas hidup."
44,801045205147271171,https://x.com/IrianaDadang/status/801045205147271171,2016-11-22,menjenguk keluarga prasejahtera yg terkena penyakit Diabetes.
45,801412887625408512,https://x.com/hmdbioui/status/801412887625408512,2016-11-23,"Konsumsi yang berlebihan juga dapat menyebabkan obesitas dan meningkatkan risiko diabetes tipe 2, asam urat, dan penyakit jantung."
46,801630760386043905,https://x.com/radar_malang/status/801630760386043905,2016-11-24,"Wow, 367 Warga Batu Idap Diabetes rdrmlg diabet penyakit"
47,801700509895643136,https://x.com/LazSidogiri/status/801700509895643136,2016-11-24,"7.selain itu juga terdapat beberapa penyakit lain yg menyebabkan kantuk sperti Diabetes, Dehidrasi kelelahan, Depresi dan Penyakit jantung"
48,801947555697278976,https://x.com/jawapos/status/801947555697278976,2016-11-25,Diabetes adalah penyakit kronis tingginya tingkat glukosa dalam darah. Orang dengan diabetes juga berisiko dengan.
49,801983755154026497,https://x.com/prosehat/status/801983755154026497,2016-11-25,Satu hal yang harus Sahabat Sehat ketahui adalah Diabetes &amp; Penyakit Jantung Koroner adalah teman baik. Kenapa?
50,802073073994190848,https://x.com/johanes_mathew/status/802073073994190848,2016-11-25,"Susu DIABETASOL,Produk ini sangat bermanfaat untuk kesehatan kisa semua menghindari penyakit diabetes KLBPartnerForGrowth"
51,802531100362838016,https://x.com/bennywaluyo2/status/802531100362838016,2016-11-26,"Firmax dpt menyembuhksan penyakit kista, kanker payudara, diabetes dan firmax dapat mempercantik eajah, konsultasi 081333272613"
52,802542768300101633,https://x.com/kosmo_online/status/802542768300101633,2016-11-26,"TipSihat Senaman berterusan membantu mengawal obesiti yang menyumbang pelbagai penyakit seperti jantung, diabetes dan sakit sendi."
53,802708778663559168,https://x.com/alfacartID/status/802708778663559168,2016-11-27,"Bagi kamu yang memiliki tekanan darah tinggi, diabetes atau penyakit jantung sangat dianjurkan untuk mengkonsumsi beras hitam JadiSehat"
54,802768927516299264,https://x.com/prosehat/status/802768927516299264,2016-11-27,Penyakit diabetes hanya menyerang orang tua &amp; yg memiliki riwayat diabetes di keluarganya? Apakah itu benar? :
55,803093376564346880,https://x.com/nu_online/status/803093376564346880,2016-11-28,RSI Siti Hajar Sidoarjo Sosialisasikan Bahaya Penyakit Diabetes
56,803464369304502272,https://x.com/JantungID/status/803464369304502272,2016-11-29,Gejala Penyakit Diabetes
57,803539281079889920,https://x.com/KLinkProduk/status/803539281079889920,2016-11-29,"mengenal lebih jauh mengenai penyakit diabetes, berikut informasinya :"
58,803541999806578696,https://x.com/arayvianshaa/status/803541999806578696,2016-11-29,Suka sama gula bisa kena diabetes Suka sama garam bisa kena penyakit jantung. Terus suka sama siapa dong biar gak kena penyakit?
59,803830958747164672,https://x.com/sehatcantik/status/803830958747164672,2016-11-30,5. Akibatnya akan meningkatkan resiko penyakit diabetes dan jantung.
60,803981774149648384,https://x.com/BellapmsR/status/803981774149648384,2016-11-30,"Ironi, dewasa saat ini banyak orang terkena penyakit diabetes disinyalir karna terlalu banyak makan janji manis BeritaTerbalik"
61,804122055209721856,https://x.com/pnpcl/status/804122055209721856,2016-12-01,"Penyanyi lawas Mus Mulyadi terkena buta sejak beberapa tahun lalu akibat penyakit diabetes. Ia mendapat julukan sebagai ""Buaya Keroncong""."
62,804514340120297472,https://x.com/verawaty10/status/804514340120297472,2016-12-02,"Lingkar perut yang terlalu besar dapat menimbulkan resiko penyakit diabetes,hipertensi dan jantung"
63,804603691647074305,https://x.com/Nutrisi_Bangsa/status/804603691647074305,2016-12-02,"3. Serat. Nutrisi ini dpt cegah diabetes tipe 2, menurunkan risiko penyakit jantung, kolesterol, darah tinggi, &amp; menjaga bobot tubuh anak."
64,805341887729045506,https://x.com/klikibo/status/805341887729045506,2016-12-04,"Saudara/i ku hati2 kena penyakit Diabetes karena kebanyakan makan ""JANJI MANIS"". 412"
65,805351111754444800,https://x.com/kosmo_online/status/805351111754444800,2016-12-04,"TipSihat Jalan kaki 30 minit dalam sehari boleh mengurangkan risiko metabolitik yang menyebabkan penyakit jantung, diabetes &amp; angin ahmar."
66,805658003147988992,https://x.com/kelascintacom/status/805658003147988992,2016-12-05,"Penyakit seperti diabetes, penyakit jantung, atau penyakit kronis lainnya dapat menyebakan rendahnya gairah seks pria."
67,806335221654122496,https://x.com/KemenkesRI/status/806335221654122496,2016-12-07,Mari Tweeps kita mulai sebarkan informasi dan lakukan pencegahan terhadap penyakit diabetes CERDIK dukungGERMAS
68,806699998129684480,https://x.com/BPJSKesehatanRI/status/806699998129684480,2016-12-08,BPJS Kesehatan bersama Persatuan Diabetes Indonesia menyelenggarakan kegiatan olahraga pencegahan penyakit Diabetes
69,807110041132109824,https://x.com/LintasKebumen/status/807110041132109824,2016-12-09,"Gejala Diabetes Kerap Luput dari Pemeriksaan GOMBONG Penyakit diabetes kerap luput dari pemeriksaan, karena."
70,807113855222550528,https://x.com/Nutrisi_Bangsa/status/807113855222550528,2016-12-09,Sahabat yang menderita diabetes dan menderita penyakit kanker tidak diperbolehkan mendonorkan darah.
71,807075049819602945,https://x.com/AFCryptoX/status/807075049819602945,2016-12-09,"2. Gula. mengkonsumsi gula berlebihan bukan hanya menyebabkan terkena penyakit diabetes,tapi juga dapat melemahkan jaringan seperti kolagen"
72,807510390733213696,https://x.com/menslifeid/status/807510390733213696,2016-12-10,"Radikal bebas memang menyeramkan,memiliki peranan pada serangan artritis, diabetes, dan penyakit jantung. Solusinya ada pada antioksidan."
73,807478365284233216,https://x.com/KemenkesRI/status/807478365284233216,2016-12-10,Program Prolanis yang mengutamakan untuk masyarakat lansia fokus pada pencegahan &amp; pengobatan penyakit kronis seperti diabetes &amp; hipertensi
74,807492574739099648,https://x.com/affick_rahim/status/807492574739099648,2016-12-10,"Sudahlah Msia tertinggi penyakit buah pinggang komplikasi Diabetes, scammer pon ramai yg jual produk dakwa sembuh."
75,807857688277172224,https://x.com/kpp_pa/status/807857688277172224,2016-12-11,"Sehingga anak2 pun akan terhindar dari berbagai macam penyakit yg mengancam, seperti diabetes &amp; obesitas FestivalPermainanTradisionalAnak"
76,807902761388019712,https://x.com/vidio/status/807902761388019712,2016-12-11,5 Gejala Penyakit Diabetes Melitus.
77,808173998668271616,https://x.com/detikcom/status/808173998668271616,2016-12-12,Keju dan Krim Justru Perlu Dikonsumsi untuk Cegah Diabetes dan Penyakit Jantung via
78,808667234109272064,https://x.com/lyanJibroil/status/808667234109272064,2016-12-13,Jd jk banyak bersarang penyakit istighfarlah.Biar beras tak jd diabetes. Istighfarlah.kembalikan kemurnian dan kepatuhan beras pda Tuhannya
79,808854219755294720,https://x.com/TropicanaSlim/status/808854219755294720,2016-12-14,"Susu bisa cegah diabetes ? Berita baiknya, rajin minum susu, khususnya susu tanpa lemak, bisa melindungi kamu dari penyakit diabetes."
80,808975667748622336,https://x.com/KLinkProduk/status/808975667748622336,2016-12-14,Penderita diabetes kronis harus diwaspadai karena penyumbatan pembuluh darah dapat menimbulkan efek komplikasi penyakit lain
81,809644315005751296,https://x.com/PulutLemang/status/809644315005751296,2016-12-16,"Mengikut statistik, orang prmpuan berisiko untuk menghidap penyakit Diabetes kerana selalu tertelan janji2 manis tipahtertipulagi?"
82,809650986751037443,https://x.com/SonoraFM92/status/809650986751037443,2016-12-16,"Data WHO tahun 2014 menyebutkan Stroke, Jantung, dan Diabetes merupakan 3 penyakit kritis utama penyebab kematian di Indonesia. Prucrisis"
83,809713979945721856,https://x.com/895jizfm/status/809713979945721856,2016-12-16,"Sob, ternyata paparan sinar matahari bisa memperlambat penambahan berat badan dan mencegah kemunculan penyakit diabetes tipe 2 INFOJIZ48"
84,811013254369583104,https://x.com/sertamattressID/status/811013254369583104,2016-12-20,"Rutin berolahraga bermanfaat mencegah berbagai penyakit kronis seperti jantung, diabetes, hipertensi, dan osteoporosis. AlwaysComfortable"
85,811037449854091264,https://x.com/medan/status/811037449854091264,2016-12-20,Saat ini Diabetes merupakan penyakit mematikan nomer 3 setelah penyakit jantung. Bagaimana
86,811083569158160384,https://x.com/upradiosmg/status/811083569158160384,2016-12-20,Konsumsi keju dapat cegah penyakit diabetes. Staytune di Upventure sampai jam 2 siang. Punya tempat makan siang favorit? gabung 087833300400
87,811126005699997697,https://x.com/BaldIdris/status/811126005699997697,2016-12-20,"POKOK MULBERI khasiat daunnya dapat mengatasi penyakit diabetes, mengawal tekanan darah tinggi. Jus buahnya boleh lambatkan proses penuan."
88,811552513790857217,https://x.com/verawaty10/status/811552513790857217,2016-12-21,Penderita PCOS lebih rentan terkena penyakit jantug &amp; diabetes.
89,811565343395049472,https://x.com/DominateSeoNow/status/811565343395049472,2016-12-21,Obat Herbal untuk Penyembuhan Penyakit Stroke dan Diabetes -
90,811517832546525184,https://x.com/SINDOnews/status/811517832546525184,2016-12-21,Cara Alami Sembuhkan Penyakit Diabetes
91,811785937604595712,https://x.com/okezonenews/status/811785937604595712,2016-12-22,"KALEIDOSKOP 2016: Penyakit Jantung, Stroke dan Diabetes Pembunuh Nomor 1 di Indonesia"
92,812931110271418368,https://x.com/TropicanaSlim/status/812931110271418368,2016-12-25,Tetap konsisten menjalankan hidup sehat akan membuat kadar gula darah normal dan meminimalkan risiko penyakit diabetes.
93,813207802722164736,https://x.com/detikHealth/status/813207802722164736,2016-12-26,Yuk Berjemur! 'Mandi' Sinar Matahari Bisa Cegah Penyakit Jantung dan Diabetes
94,813212092312338433,https://x.com/detikcom/status/813212092312338433,2016-12-26,Yuk Berjemur! 'Mandi' Sinar Matahari Bisa Cegah Penyakit Jantung dan Diabetes via
95,813279489849487360,https://x.com/SmartHeartID/status/813279489849487360,2016-12-26,"Mulai dari penyakit jantung, diabetes, ginjal dan lainnya. Sehingga melakukan pemeriksaan rutin pada dokter hewan sangat diperlukan. (2/2)"
96,813655659686207492,https://x.com/Official_Klink/status/813655659686207492,2016-12-27,Salah satu cara terbaik untuk menghindari ancaman penyakit diabetes adalah dengan menjalankan pola hidup yang sehat.
97,814127520438226944,https://x.com/SEHATalaPHB/status/814127520438226944,2016-12-28,"TIPS CARA UNTUK MENCEGAH, MENGATASI, MENGOBATI PENYAKIT DIABETES SECARA HERBAL DAN AMAN, KLIK LINK &gt;&gt;"
98,813930013191970816,https://x.com/SmartHeartID/status/813930013191970816,2016-12-28,"Kegemukan dapat menyebabkan berbagai penyakit seperti penyakit jantung, diabetes, sakit persendian dan lain sebagainya. (3/8)"
99,814365534817046528,https://x.com/MeOIndonesia/status/814365534817046528,2016-12-29,"Kucing tua retan dari diabetes melitus, gangguan ginjal, gangguan sistem pencernaan, masalah gigi, penyakit jantung, serta arthritis. (1/2)"
100,814747394369843200,https://x.com/amanz/status/814747394369843200,2016-12-30,Nikon Dan Verily Yang Dimilik Google Bekerjasama Untuk Mengatasi Penyakit Mata Disebabkan Diabetes
101,814758180504956928,https://x.com/SehatCaraHerbal/status/814758180504956928,2016-12-30,Diabetes seringkali disebut sebagai penyakit silent killer. Sebab datangnya sama sekali tidak diduga dan memberi dampak buruk bagi tubuh.
102,815002964440051712,https://x.com/Abigail_0503/status/815002964440051712,2016-12-31,MENAKJUBKAN ! Sayur Gingseng Obat Herbal Untuk Penyakit Diabetes Mengobati Secara Alami
